district,fiscal_year,gen_fund_rate_with_isl,isl_rate,management_rate,voted_ppel_rate,regular_ppel_rate,debt_service_rate,grand_total_rate,net_valuation_with_ge,taxable_valuation
Ankeny CSD,2020,13.28459,1.44183,0.26176,1.34,0.33,2.30688,17.52323,3820279657.0,3787908043.0
Ankeny CSD,2021,13.30946,1.40878,0.24078,1.34,0.33,2.19015,17.41039,4153120503.0,4122847418.0
Ankeny CSD,2022,13.11789,1.36051,0.33887,1.34,0.33,2.18976,17.31652,4426539535.0,4389197037.0
Ankeny CSD,2023,12.36845,1.34057,0.42233,1.34,0.33,2.59,17.05078,4735684852.0,4695121082.0
Ankeny CSD,2024,12.22692,1.35052,0.5091,1.34,0.33,2.59,16.99602,4910617944.0,4870903622.0
Ankeny CSD,2025,11.15512,1.27067,0.63096,1.34,0.33,2.59,16.04608,5547139901.0,5507431838.0
Burlington CSD,2020,12.04614,1.62495,2.03976,0.67,0.33,0.0,15.0859,980505560.0,932794474.0
Burlington CSD,2021,11.31667,1.57722,1.96816,0.67,0.33,0.0,14.28483,1016179474.0,966414314.0
Burlington CSD,2022,11.86138,1.57535,1.64895,0.67,0.33,0.0,14.51033,1030961452.0,983190331.0
Burlington CSD,2023,10.82606,1.54083,1.68921,0.67,0.33,0.0,13.51527,1006386529.0,957702644.0
Burlington CSD,2024,10.29716,1.47953,1.07795,0.67,0.33,0.0,12.37511,1159612337.0,1111208994.0
Burlington CSD,2025,10.00754,1.44098,1.24541,0.67,0.33,0.0,12.25295,1204426311.0,1157058151.0
Cedar Rapids CSD,2020,11.50646,0.10973,1.33988,1.34,0.33,0.55429,15.07063,5660973838.0,5437160426.0
Cedar Rapids CSD,2021,12.09868,0.26684,1.22438,1.34,0.33,0.36923,15.36229,5786602705.0,5551964780.0
Cedar Rapids CSD,2022,12.24456,0.15236,1.44616,1.34,0.33,0.0,15.36072,5860329116.0,5633406360.0
Cedar Rapids CSD,2023,11.48438,0.08043,1.57533,1.34,0.33,0.0,14.72971,5943225623.0,5755227358.0
Cedar Rapids CSD,2024,10.52453,0.02872,2.47177,1.34,0.33,0.0,14.6663,6068523221.0,5882673937.0
Cedar Rapids CSD,2025,10.10742,0.04172,2.12327,1.34,0.33,0.0,13.90069,6122589935.0,5944498728.0
College CSD (Prairie),2020,11.34193,1.24329,0.82309,0.67,0.33,3.44204,16.60706,2156516522.0,2012859411.0
College CSD (Prairie),2021,10.95613,1.22653,0.60108,0.67,0.33,4.05,16.60721,2236098722.0,2091155653.0
College CSD (Prairie),2022,10.53598,1.20236,1.02271,0.67,0.33,4.05,16.60869,2297816927.0,2162668368.0
College CSD (Prairie),2023,9.43817,1.17452,2.12164,0.67,0.33,4.05,16.60981,2394786379.0,2246092140.0
College CSD (Prairie),2024,9.73227,1.17106,1.82968,0.67,0.33,4.04824,16.61019,2399330098.0,2246398421.0
College CSD (Prairie),2025,9.82033,1.09235,1.73365,0.67,0.33,4.05,16.60398,2621642521.0,2467704121.0
Davenport CSD,2020,13.0549,1.54222,0.54362,1.34,0.33,0.0,15.26852,4598785652.0,4405723999.0
Davenport CSD,2021,12.57735,1.51949,1.04814,1.34,0.33,0.0,15.29549,4770355534.0,4583515579.0
Davenport CSD,2022,12.63049,1.50361,0.99485,1.34,0.33,0.0,15.29534,4844109178.0,4670344007.0
Davenport CSD,2023,13.03948,1.46793,0.88768,1.34,0.33,0.0,15.59716,5002375891.0,4818677712.0
Davenport CSD,2024,11.9327,1.4838,1.39713,1.34,0.33,0.0,14.99983,4974182930.0,4793105047.0
Davenport CSD,2025,10.48723,1.44608,1.55152,1.34,0.33,0.0,13.70875,5156232896.0,4972289142.0
Des Moines Independent CSD,2020,15.71186,1.6336,1.8,0.63,0.33,0.0,18.60686,7715762964.0,7514172280.0
Des Moines Independent CSD,2021,14.27664,1.57233,3.24028,0.63,0.33,0.0,18.61192,8293471718.0,8100710654.0
Des Moines Independent CSD,2022,11.89536,1.56383,2.35901,1.34,0.33,0.0,16.05937,8478139579.0,8297435148.0
Des Moines Independent CSD,2023,11.18003,1.48243,2.35944,1.34,0.33,0.0,15.34447,8815644809.0,8620831661.0
Des Moines Independent CSD,2024,10.99002,1.50652,2.35944,1.34,0.33,0.0,15.15446,8717952536.0,8524906811.0
Des Moines Independent CSD,2025,10.65643,1.42722,2.21303,1.34,0.33,0.0,14.67446,9037402275.0,8838347948.0
Dubuque CSD,2020,12.77354,1.29604,0.93879,0.67,0.33,0.0,14.71233,3728213143.0,3639462570.0
Dubuque CSD,2021,12.74624,1.28644,0.91631,0.67,0.33,0.0,14.66255,3819672708.0,3726572854.0
Dubuque CSD,2022,12.28238,1.26936,1.27352,0.67,0.33,0.0,14.5559,3926129037.0,3839577088.0
Dubuque CSD,2023,11.42409,1.23654,1.48831,0.67,0.33,0.0,13.9124,4031415093.0,3948993059.0
Dubuque CSD,2024,10.37026,1.2563,3.14096,0.67,0.33,0.0,14.51122,3979675395.0,3892416516.0
Dubuque CSD,2025,10.50811,1.16973,1.48769,0.67,0.33,0.0,12.9958,4217961036.0,4133057497.0
Iowa City CSD,2020,10.40627,0.06273,1.26603,1.34,0.33,1.44867,14.79097,6318955710.0,6252616426.0
Iowa City CSD,2021,10.82216,0.20513,0.55934,1.34,0.33,1.78785,14.83935,6704295885.0,6641250572.0
Iowa City CSD,2022,10.51684,0.05826,0.93752,1.34,0.33,1.7263,14.85066,6879842218.0,6811869190.0
Iowa City CSD,2023,10.79079,0.05757,0.75083,1.34,0.33,1.7222,14.93382,6925691016.0,6847469089.0
Iowa City CSD,2024,10.94982,0.21936,1.93993,1.34,0.33,1.71436,16.27411,6959003323.0,6880670506.0
Iowa City CSD,2025,11.63058,0.21647,1.80191,1.34,0.33,1.71616,16.81865,7214569669.0,7128569281.0
Johnston CSD,2020,11.07691,1.31905,1.55501,1.34,0.33,4.05,18.35192,2282945325.0,2229925098.0
Johnston CSD,2021,11.78094,1.29228,0.25019,1.34,0.33,4.05,17.75113,2458106544.0,2409583033.0
Johnston CSD,2022,12.53967,1.25615,0.36724,1.34,0.33,3.18528,17.76219,2559642827.0,2514524258.0
Johnston CSD,2023,11.13525,1.22759,1.10066,1.34,0.33,3.84561,17.75152,2616618633.0,2567958404.0
Johnston CSD,2024,9.65438,1.24103,1.68081,1.34,0.33,0.0,13.00519,2692155297.0,2642827140.0
Johnston CSD,2025,10.53844,1.16481,1.68023,1.34,0.33,0.0,13.88867,2865674057.0,2817679470.0
Linn-Mar CSD,2020,13.34617,1.5689,0.36405,1.34,0.33,2.5,18.01522,2183750380.0,2173407951.0
Linn-Mar CSD,2021,13.51903,1.55126,0.34895,1.34,0.33,2.33857,18.01155,2292618786.0,2282050858.0
Linn-Mar CSD,2022,13.34786,1.50635,0.44324,1.34,0.33,2.27304,17.86914,2368908433.0,2359142844.0
Linn-Mar CSD,2023,12.43702,1.4844,0.94003,1.34,0.33,2.17683,17.35888,2446727937.0,2436584780.0
Linn-Mar CSD,2024,13.42541,1.52569,0.59529,1.34,0.33,2.06749,17.89319,2519775280.0,2509866728.0
Linn-Mar CSD,2025,13.2783,1.47181,0.93981,1.34,0.33,1.97028,17.99339,2660110373.0,2650761819.0
Muscatine CSD,2020,11.01102,1.38369,1.1507,1.34,0.33,0.0,13.83172,1329622680.0,1313905150.0
Muscatine CSD,2021,10.73543,1.36565,1.11409,1.34,0.33,0.0,13.51952,1346390393.0,1330323293.0
Muscatine CSD,2022,11.143,1.36053,0.71553,1.34,0.33,0.0,13.52853,1397565130.0,1383123273.0
Muscatine CSD,2023,11.03837,1.32979,0.71393,1.34,0.33,0.0,13.4223,1400689556.0,1387386271.0
Muscatine CSD,2024,10.45166,1.28453,1.10911,1.34,0.33,0.0,13.23077,1532755885.0,1518005888.0
Muscatine CSD,2025,10.86429,1.28359,0.98688,1.34,0.33,0.0,13.52117,1519944592.0,1500262072.0
Pleasant Valley CSD,2020,11.3153,1.11879,0.42608,1.34,0.33,0.0,13.41138,1724970036.0,1672142758.0
Pleasant Valley CSD,2021,11.68544,1.39611,0.42608,1.34,0.33,0.0,13.78152,1765098061.0,1714339483.0
Pleasant Valley CSD,2022,11.66416,1.37447,0.42608,1.34,0.33,0.0,13.76024,1882146109.0,1826950118.0
Pleasant Valley CSD,2023,10.71419,1.36957,1.07624,1.34,0.33,0.0,13.46043,1983933075.0,1918414056.0
Pleasant Valley CSD,2024,11.09977,1.38276,0.69078,1.34,0.33,0.0,13.46055,2065412036.0,2014970012.0
Pleasant Valley CSD,2025,10.93015,1.33994,0.86026,1.34,0.33,0.0,13.46041,2148952126.0,2098481706.0
Waterloo CSD,2020,12.77376,1.56862,0.43318,0.67,0.33,0.0,14.20694,2770230855.0,2680878603.0
Waterloo CSD,2021,12.55248,1.57289,0.65446,0.67,0.33,0.0,14.20694,2750379811.0,2664296846.0
Waterloo CSD,2022,12.20076,1.54583,0.64693,0.67,0.33,0.0,13.84769,2782371962.0,2699444623.0
Waterloo CSD,2023,11.3074,1.5208,1.05496,0.67,0.33,0.0,13.36236,2843707107.0,2752764376.0
Waterloo CSD,2024,11.1887,1.53136,1.17162,0.67,0.33,0.0,13.36032,2765393920.0,2675708547.0
Waterloo CSD,2025,11.55046,1.40002,1.41594,0.67,0.33,0.0,13.9664,2789663709.0,2703443320.0
Waukee CSD,2020,11.20968,1.22213,0.92804,1.34,0.33,4.04837,17.85609,4349030080.0,4337537897.0
Waukee CSD,2021,10.9785,1.19858,1.10209,1.34,0.33,4.04984,17.80043,4562260370.0,4522570117.0
Waukee CSD,2022,11.37777,1.1765,0.78762,1.34,0.33,3.96731,17.8027,4919906703.0,4883207597.0
Waukee CSD,2023,12.0046,1.19323,0.12198,1.34,0.33,4.00596,17.80254,5328859338.0,5288524916.0
Waukee CSD,2024,12.1701,1.10053,0.0,1.34,0.33,3.96332,17.80342,5989777690.0,5941035068.0
Waukee CSD,2025,12.00837,1.08047,0.1559,1.34,0.33,3.97002,17.80429,6366061954.0,6317331907.0
West Des Moines CSD,2020,11.14391,0.99676,0.21338,1.34,0.33,0.0,13.16229,4804713492.0,4734826295.0
West Des Moines CSD,2021,10.99251,0.98259,0.36112,1.34,0.33,0.0,13.15863,5077205293.0,5011115259.0
West Des Moines CSD,2022,11.09393,0.97486,0.26028,1.34,0.33,0.0,13.15921,5134563264.0,5072848702.0
West Des Moines CSD,2023,10.78981,0.9562,0.56317,1.34,0.33,0.0,13.15798,5320020023.0,5251596174.0
West Des Moines CSD,2024,9.40202,0.9738,1.95355,1.34,0.33,0.0,13.16057,5307917766.0,5231681814.0
West Des Moines CSD,2025,8.54304,0.91948,1.87012,1.34,0.33,0.0,12.21816,5688297398.0,5614681224.0
