document_id,file_path,document_type,reason,date_entered,editor,notes
,data/raw/board_packets/2026-01-13_Board_of_Directors/attachments/G_02_02_12-9-2025BoardReport10003.pdf,accounts_payable_report,financial-relevance triage of board deck,2026-06-07,triage,feeds accounts_payable.csv (disbursement timing)
,data/raw/board_packets/2026-01-13_Board_of_Directors/attachments/G_02_03_12-16-2025BoardReport10003.pdf,accounts_payable_report,financial-relevance triage of board deck,2026-06-07,triage,feeds accounts_payable.csv (disbursement timing)
,data/raw/board_packets/2026-01-13_Board_of_Directors/attachments/G_02_04_1-6-2026 BoardReport10003.pdf,accounts_payable_report,financial-relevance triage of board deck,2026-06-07,triage,feeds accounts_payable.csv (disbursement timing)
,data/raw/board_packets/2026-01-27_Board_of_Directors/attachments/F_02_02_1-13-26BoardReport10003.pdf,accounts_payable_report,financial-relevance triage of board deck,2026-06-07,triage,feeds accounts_payable.csv (disbursement timing)
,data/raw/board_packets/2026-01-27_Board_of_Directors/attachments/F_02_03_2026-1-20BoardReport10003.pdf,accounts_payable_report,financial-relevance triage of board deck,2026-06-07,triage,feeds accounts_payable.csv (disbursement timing)
,data/raw/board_packets/2026-02-10_Board_of_Directors/attachments/F_02_02_2-3-2026_BoardReport10003.pdf,accounts_payable_report,financial-relevance triage of board deck,2026-06-07,triage,feeds accounts_payable.csv (disbursement timing)
,data/raw/board_packets/2026-02-10_Board_of_Directors/attachments/F_02_03_1-27-2026_BoardReport10003.pdf,accounts_payable_report,financial-relevance triage of board deck,2026-06-07,triage,feeds accounts_payable.csv (disbursement timing)
,data/raw/board_packets/2026-02-24_Board_of_Directors/attachments/F_06_02_2-18-26BoardReport10003.pdf,accounts_payable_report,financial-relevance triage of board deck,2026-06-07,triage,feeds accounts_payable.csv (disbursement timing)
,data/raw/board_packets/2026-02-24_Board_of_Directors/attachments/F_06_03_2-16-26BoardReport10003.pdf,accounts_payable_report,financial-relevance triage of board deck,2026-06-07,triage,feeds accounts_payable.csv (disbursement timing)
,data/raw/board_packets/2026-02-24_Board_of_Directors/attachments/F_06_04_2-10-26_BoardReport10003.pdf,accounts_payable_report,financial-relevance triage of board deck,2026-06-07,triage,feeds accounts_payable.csv (disbursement timing)
,data/raw/board_packets/2026-02-24_Board_of_Directors/attachments/F_06_05_2-5-2026_BoardReport10003.pdf,accounts_payable_report,financial-relevance triage of board deck,2026-06-07,triage,feeds accounts_payable.csv (disbursement timing)
,data/raw/board_packets/2026-02-24_Board_of_Directors/attachments/K_01_01_Proposed Budget Actions Board (2026-27).pdf,certified_budget,financial-relevance triage of board deck,2026-06-07,triage,feeds budget_authority.csv
,data/raw/board_packets/2026-03-10_Board_of_Directors/attachments/F_03_02_2-24-26_BoardReport10003.pdf,accounts_payable_report,financial-relevance triage of board deck,2026-06-07,triage,feeds accounts_payable.csv (disbursement timing)
,data/raw/board_packets/2026-03-10_Board_of_Directors/attachments/F_03_03_2-26-26_BoardReport10003.pdf,accounts_payable_report,financial-relevance triage of board deck,2026-06-07,triage,feeds accounts_payable.csv (disbursement timing)
,data/raw/board_packets/2026-03-10_Board_of_Directors/attachments/F_03_04_3-3-26_BoardReport10003.pdf,accounts_payable_report,financial-relevance triage of board deck,2026-06-07,triage,feeds accounts_payable.csv (disbursement timing)
,data/raw/board_packets/2026-03-10_Board_of_Directors/attachments/M_03_02_3.24.26Special Meeting _Budget Hearing _ Public Hearing on Proposed P.pdf,certified_budget,financial-relevance triage of board deck,2026-06-07,triage,feeds budget_authority.csv
,data/raw/board_packets/2026-03-24_Board_of_Directors/attachments/G_01_01_Accounts Payable Sum.pdf,accounts_payable_report,financial-relevance triage of board deck,2026-06-07,triage,feeds accounts_payable.csv (disbursement timing)
,data/raw/board_packets/2026-03-24_Board_of_Directors/attachments/J_01_02_Interim Chief Financ.pdf,cfo_update,financial-relevance triage of board deck,2026-06-07,triage,feeds monthly_actuals.csv / cash_balances.csv
,data/raw/board_packets/2026-03-24_Board_of_Directors/attachments/J_01_04_Interfund correction.xlsx,interfund_loan_document,financial-relevance triage of board deck,2026-06-07,triage,feeds interfund_loans.csv
,data/raw/board_packets/2026-03-24_Board_of_Directors/attachments/J_02_01_Board Financial lead.pdf,board_financial_update,financial-relevance triage of board deck,2026-06-07,triage,feeds monthly_actuals.csv / cash_balances.csv
,data/raw/board_packets/2026-03-24_Board_of_Directors/attachments/K_01_01_FY27 Certified Budge.pdf,certified_budget,financial-relevance triage of board deck,2026-06-07,triage,feeds budget_authority.csv
,data/raw/board_packets/2026-03-24_Board_of_Directors/attachments/L_03_03_Exhibit 2c - Budget.pdf,certified_budget,financial-relevance triage of board deck,2026-06-07,triage,feeds budget_authority.csv
,data/raw/board_packets/2026-04-14_Board_of_Directors/attachments/F_05_01_Accounts Payable Summaries 20260414.pdf,accounts_payable_report,financial-relevance triage of board deck,2026-06-07,triage,feeds accounts_payable.csv (disbursement timing)
,data/raw/board_packets/2026-04-14_Board_of_Directors/attachments/F_05_02_3-31-2026 BoardReport10003.pdf,accounts_payable_report,financial-relevance triage of board deck,2026-06-07,triage,feeds accounts_payable.csv (disbursement timing)
,data/raw/board_packets/2026-04-14_Board_of_Directors/attachments/F_05_03_3-24-2026 BoardReport10003.pdf,accounts_payable_report,financial-relevance triage of board deck,2026-06-07,triage,feeds accounts_payable.csv (disbursement timing)
,data/raw/board_packets/2026-04-14_Board_of_Directors/attachments/F_05_04_4-7-2026 BoardReport10003.pdf,accounts_payable_report,financial-relevance triage of board deck,2026-06-07,triage,feeds accounts_payable.csv (disbursement timing)
,data/raw/board_packets/2026-04-14_Board_of_Directors/attachments/K_01_01_Interim Chief Financial Officer Report 4.10.26.pdf,cfo_update,financial-relevance triage of board deck,2026-06-07,triage,feeds monthly_actuals.csv / cash_balances.csv
,data/raw/board_packets/2026-04-14_Board_of_Directors/attachments/K_01_02_Interim Chief Financial Officer Report 4.3.26.pdf,cfo_update,financial-relevance triage of board deck,2026-06-07,triage,feeds monthly_actuals.csv / cash_balances.csv
,data/raw/board_packets/2026-04-28_Board_of_Directors/attachments/E_02_01_Affidavit of Publication 12237023.pdf,property_sale_document,financial-relevance triage of board deck,2026-06-07,triage,feeds known_events.csv (one-time inflows)
,data/raw/board_packets/2026-04-28_Board_of_Directors/attachments/F_05_02_4-21-2026_BoardReport10003.pdf,accounts_payable_report,financial-relevance triage of board deck,2026-06-07,triage,feeds accounts_payable.csv (disbursement timing)
,data/raw/board_packets/2026-04-28_Board_of_Directors/attachments/F_05_03_Accounts Payable Summaries 20260428.pdf,accounts_payable_report,financial-relevance triage of board deck,2026-06-07,triage,feeds accounts_payable.csv (disbursement timing)
,data/raw/board_packets/2026-04-28_Board_of_Directors/attachments/F_05_04_4-14-2026_BoardReport10003.pdf,accounts_payable_report,financial-relevance triage of board deck,2026-06-07,triage,feeds accounts_payable.csv (disbursement timing)
,data/raw/board_packets/2026-04-28_Board_of_Directors/attachments/J_01_01_PFM_Presentation_ICCSD_YTD_GenFund_Fiscal_Progress_a.pdf,board_financial_update,financial-relevance triage of board deck,2026-06-07,triage,feeds monthly_actuals.csv / cash_balances.csv
,data/raw/board_packets/2026-04-28_Board_of_Directors/attachments/J_01_02_PFM_Presentation_ICCSD_YTD_GenFund_Fiscal_Progress_a.pdf,board_financial_update,financial-relevance triage of board deck,2026-06-07,triage,feeds monthly_actuals.csv / cash_balances.csv
,data/raw/board_packets/2026-04-28_Board_of_Directors/attachments/J_02_01_Interim Chief Financial Report 4.17.26.pdf,cfo_update,financial-relevance triage of board deck,2026-06-07,triage,feeds monthly_actuals.csv / cash_balances.csv
,data/raw/board_packets/2026-04-28_Board_of_Directors/attachments/J_02_04_Interim Chief Financial Report 4.24.26.pdf,cfo_update,financial-relevance triage of board deck,2026-06-07,triage,feeds monthly_actuals.csv / cash_balances.csv
,data/raw/board_packets/2026-04-28_Board_of_Directors/attachments/L_03_01_Affidavit and Resolution re Conveyance of Real Prope.pdf,property_sale_document,financial-relevance triage of board deck,2026-06-07,triage,feeds known_events.csv (one-time inflows)
,data/raw/board_packets/2026-05-12_Board_of_Directors/attachments/E_01_01_Affidavit of Publication.pdf,property_sale_document,financial-relevance triage of board deck,2026-06-07,triage,feeds known_events.csv (one-time inflows)
,data/raw/board_packets/2026-05-12_Board_of_Directors/attachments/F_06_01_AP Board Report 5.12.2026.pdf,accounts_payable_report,financial-relevance triage of board deck,2026-06-07,triage,feeds accounts_payable.csv (disbursement timing)
,data/raw/board_packets/2026-05-12_Board_of_Directors/attachments/F_06_02_BoardReport10003 (1).pdf,accounts_payable_report,financial-relevance triage of board deck,2026-06-07,triage,feeds accounts_payable.csv (disbursement timing)
,data/raw/board_packets/2026-05-12_Board_of_Directors/attachments/F_06_03_4-28-2026_Boardreport10003.pdf,accounts_payable_report,financial-relevance triage of board deck,2026-06-07,triage,feeds accounts_payable.csv (disbursement timing)
,data/raw/board_packets/2026-05-12_Board_of_Directors/attachments/F_18_02_Hills Property Notice of Public Hearing Deposit of Proceeds to Genera.pdf,property_sale_document,financial-relevance triage of board deck,2026-06-07,triage,feeds known_events.csv (one-time inflows)
,data/raw/board_packets/2026-05-12_Board_of_Directors/attachments/F_19_02_1725 N. Dodge Street - Notice of PH for Deposit of Proceeds to Genera.pdf,property_sale_document,financial-relevance triage of board deck,2026-06-07,triage,feeds known_events.csv (one-time inflows)
,data/raw/board_packets/2026-05-12_Board_of_Directors/attachments/F_20_02_Scanlon Property - Conveyance of Real Property - Notice of Public Hea.pdf,property_sale_document,financial-relevance triage of board deck,2026-06-07,triage,feeds known_events.csv (one-time inflows)
,data/raw/board_packets/2026-05-12_Board_of_Directors/attachments/F_21_02_Scanlon Property - Notice of Public Hearing.pdf,property_sale_document,financial-relevance triage of board deck,2026-06-07,triage,feeds known_events.csv (one-time inflows)
,data/raw/board_packets/2026-05-12_Board_of_Directors/attachments/K_02_01_Financials as of 3.31.26 Board Mtg 5.12.26.pdf,monthly_financial_report,financial-relevance triage of board deck,2026-06-07,triage,feeds cash_balances.csv / monthly_actuals.csv
,data/raw/board_packets/2026-05-12_Board_of_Directors/attachments/L_04_01_Anticipated Borrowing Need Memo Update for 4_28.pdf,board_financial_update,financial-relevance triage of board deck,2026-06-07,triage,feeds known_events.csv (short-term borrowing)
,data/raw/board_packets/2026-05-12_Board_of_Directors/attachments/L_04_03_PFM Presentation ICCSD YTD General Fund Fiscal Progress add Update Re.pdf,board_financial_update,financial-relevance triage of board deck,2026-06-07,triage,feeds monthly_actuals.csv / cash_balances.csv
,data/raw/board_packets/2026-05-12_Board_of_Directors/attachments/L_06_01_Affidavit of Publication.pdf,property_sale_document,financial-relevance triage of board deck,2026-06-07,triage,feeds known_events.csv (one-time inflows)
,data/raw/board_packets/2026-05-12_Board_of_Directors/attachments/L_06_02_FY26 Certified Budget Amendment Public Hearing Notice.pdf,certified_budget,financial-relevance triage of board deck,2026-06-07,triage,feeds budget_authority.csv
,data/raw/board_packets/2026-05-26_Board_of_Directors/attachments/E_01_01_Affidavit of Publication - Deposit of Funds.pdf,property_sale_document,financial-relevance triage of board deck,2026-06-07,triage,feeds known_events.csv (one-time inflows)
,data/raw/board_packets/2026-05-26_Board_of_Directors/attachments/E_01_02_Hills Property Notice of Public Hearing Deposit.pdf,property_sale_document,financial-relevance triage of board deck,2026-06-07,triage,feeds known_events.csv (one-time inflows)
,data/raw/board_packets/2026-05-26_Board_of_Directors/attachments/E_02_01_Affidavit of Publication - Deposit of Funds 1.pdf,property_sale_document,financial-relevance triage of board deck,2026-06-07,triage,feeds known_events.csv (one-time inflows)
,data/raw/board_packets/2026-05-26_Board_of_Directors/attachments/E_03_01_Affidavit of Publication - Deposit of Funds.pdf,property_sale_document,financial-relevance triage of board deck,2026-06-07,triage,feeds known_events.csv (one-time inflows)
,data/raw/board_packets/2026-05-26_Board_of_Directors/attachments/E_03_03_Notice of Public Hearing Deposit of Funds - 42..pdf,property_sale_document,financial-relevance triage of board deck,2026-06-07,triage,feeds known_events.csv (one-time inflows)
,data/raw/board_packets/2026-05-26_Board_of_Directors/attachments/F_06_01_AP Board Report - 5.19.2026.pdf,accounts_payable_report,financial-relevance triage of board deck,2026-06-07,triage,feeds accounts_payable.csv (disbursement timing)
,data/raw/board_packets/2026-05-26_Board_of_Directors/attachments/F_06_02_5-19-2026 BoardReport10003.pdf,accounts_payable_report,financial-relevance triage of board deck,2026-06-07,triage,feeds accounts_payable.csv (disbursement timing)
,data/raw/board_packets/2026-05-26_Board_of_Directors/attachments/F_06_04_AP Board Report Template - 5.12.2026.pdf,accounts_payable_report,financial-relevance triage of board deck,2026-06-07,triage,feeds accounts_payable.csv (disbursement timing)
,data/raw/board_packets/2026-05-26_Board_of_Directors/attachments/F_06_05_BoardReport10003 (2)5.12.26.pdf,accounts_payable_report,financial-relevance triage of board deck,2026-06-07,triage,feeds accounts_payable.csv (disbursement timing)
,data/raw/board_packets/2026-05-26_Board_of_Directors/attachments/L_02_01_Affidavit of Publication - Deposit of Funds.pdf,property_sale_document,financial-relevance triage of board deck,2026-06-07,triage,feeds known_events.csv (one-time inflows)
,data/raw/board_packets/2026-06-09_Board_of_Directors/attachments/F_03_01_BoardReport100036.2.26 (1).pdf,accounts_payable_report,financial-relevance triage of board deck,2026-06-07,triage,feeds accounts_payable.csv (disbursement timing)
,data/raw/board_packets/2026-06-09_Board_of_Directors/attachments/F_03_03_AP Board Report 6.2.2026.pdf,accounts_payable_report,financial-relevance triage of board deck,2026-06-07,triage,feeds accounts_payable.csv (disbursement timing)
,data/raw/board_packets/2026-06-09_Board_of_Directors/attachments/F_12_01_Iowa City CSD FY27 Amendment.pdf,budget_amendment,financial-relevance triage of board deck,2026-06-07,triage,feeds budget_authority.csv
,data/raw/board_packets/2026-04-01_Work_Session/attachments/B_01_01_Capital Outlay Borrowing Need Memo Update for 4_1.pdf,board_financial_update,user-provided April 1 2026 Work Session doc,2026-06-09,triage,COO FY26-FY28 cash flow narrative; recommends $25M revenue anticipation warrant; FY27 assumptions
,data/raw/board_packets/2026-04-01_Work_Session/attachments/B_01_02_PFM Summary of Comprehensive Fiscal Analysis - Tax Anticipation Warrants.pdf,board_financial_update,user-provided April 1 2026 Work Session doc,2026-06-09,triage,"PFM comprehensive fiscal analysis: 7-year GF cash flow, debt/PPEL/SAVE analysis, tax anticipation warrant recommendation"
