month,fund_code,fund_name,line_item,type,amount,source_file,source_page,confidence,notes
2024-07,10,General Fund,Taxes Levied on Property,revenue,424654,data/raw/board_packets/2026-02-10_Board_of_Directors/attachments/K_02_01_FY26 Quarter 2 Financial Report (1).pdf,3,medium,FY2025 actual (prior-year table)
2024-08,10,General Fund,Taxes Levied on Property,revenue,0,data/raw/board_packets/2026-02-10_Board_of_Directors/attachments/K_02_01_FY26 Quarter 2 Financial Report (1).pdf,3,medium,FY2025 actual (prior-year table)
2024-09,10,General Fund,Taxes Levied on Property,revenue,4211829,data/raw/board_packets/2026-02-10_Board_of_Directors/attachments/K_02_01_FY26 Quarter 2 Financial Report (1).pdf,3,medium,FY2025 actual (prior-year table)
2024-10,10,General Fund,Taxes Levied on Property,revenue,37962993,data/raw/board_packets/2026-02-10_Board_of_Directors/attachments/K_02_01_FY26 Quarter 2 Financial Report (1).pdf,3,medium,FY2025 actual (prior-year table)
2024-11,10,General Fund,Taxes Levied on Property,revenue,1064647,data/raw/board_packets/2026-02-10_Board_of_Directors/attachments/K_02_01_FY26 Quarter 2 Financial Report (1).pdf,3,medium,FY2025 actual (prior-year table)
2024-12,10,General Fund,Taxes Levied on Property,revenue,1099361,data/raw/board_packets/2026-02-10_Board_of_Directors/attachments/K_02_01_FY26 Quarter 2 Financial Report (1).pdf,3,medium,FY2025 actual (prior-year table)
2025-01,10,General Fund,Taxes Levied on Property,revenue,1118787,data/raw/board_packets/2026-02-10_Board_of_Directors/attachments/K_02_01_FY26 Quarter 2 Financial Report (1).pdf,3,medium,FY2025 actual (prior-year table)
2025-02,10,General Fund,Taxes Levied on Property,revenue,492523,data/raw/board_packets/2026-02-10_Board_of_Directors/attachments/K_02_01_FY26 Quarter 2 Financial Report (1).pdf,3,medium,FY2025 actual (prior-year table)
2025-03,10,General Fund,Taxes Levied on Property,revenue,3034055,data/raw/board_packets/2026-02-10_Board_of_Directors/attachments/K_02_01_FY26 Quarter 2 Financial Report (1).pdf,3,medium,FY2025 actual (prior-year table)
2025-04,10,General Fund,Taxes Levied on Property,revenue,30292968,data/raw/board_packets/2026-02-10_Board_of_Directors/attachments/K_02_01_FY26 Quarter 2 Financial Report (1).pdf,3,medium,FY2025 actual (prior-year table)
2025-05,10,General Fund,Taxes Levied on Property,revenue,4072828,data/raw/board_packets/2026-02-10_Board_of_Directors/attachments/K_02_01_FY26 Quarter 2 Financial Report (1).pdf,3,medium,FY2025 actual (prior-year table)
2025-06,10,General Fund,Taxes Levied on Property,revenue,279447,data/raw/board_packets/2026-02-10_Board_of_Directors/attachments/K_02_01_FY26 Quarter 2 Financial Report (1).pdf,3,medium,FY2025 actual (prior-year table)
2024-07,10,General Fund,Utility Replacement Excise Tax,revenue,0,data/raw/board_packets/2026-02-10_Board_of_Directors/attachments/K_02_01_FY26 Quarter 2 Financial Report (1).pdf,3,medium,FY2025 actual (prior-year table)
2024-08,10,General Fund,Utility Replacement Excise Tax,revenue,0,data/raw/board_packets/2026-02-10_Board_of_Directors/attachments/K_02_01_FY26 Quarter 2 Financial Report (1).pdf,3,medium,FY2025 actual (prior-year table)
2024-09,10,General Fund,Utility Replacement Excise Tax,revenue,0,data/raw/board_packets/2026-02-10_Board_of_Directors/attachments/K_02_01_FY26 Quarter 2 Financial Report (1).pdf,3,medium,FY2025 actual (prior-year table)
2024-10,10,General Fund,Utility Replacement Excise Tax,revenue,305100,data/raw/board_packets/2026-02-10_Board_of_Directors/attachments/K_02_01_FY26 Quarter 2 Financial Report (1).pdf,3,medium,FY2025 actual (prior-year table)
2024-11,10,General Fund,Utility Replacement Excise Tax,revenue,0,data/raw/board_packets/2026-02-10_Board_of_Directors/attachments/K_02_01_FY26 Quarter 2 Financial Report (1).pdf,3,medium,FY2025 actual (prior-year table)
2024-12,10,General Fund,Utility Replacement Excise Tax,revenue,0,data/raw/board_packets/2026-02-10_Board_of_Directors/attachments/K_02_01_FY26 Quarter 2 Financial Report (1).pdf,3,medium,FY2025 actual (prior-year table)
2025-01,10,General Fund,Utility Replacement Excise Tax,revenue,0,data/raw/board_packets/2026-02-10_Board_of_Directors/attachments/K_02_01_FY26 Quarter 2 Financial Report (1).pdf,3,medium,FY2025 actual (prior-year table)
2025-02,10,General Fund,Utility Replacement Excise Tax,revenue,0,data/raw/board_packets/2026-02-10_Board_of_Directors/attachments/K_02_01_FY26 Quarter 2 Financial Report (1).pdf,3,medium,FY2025 actual (prior-year table)
2025-03,10,General Fund,Utility Replacement Excise Tax,revenue,15628,data/raw/board_packets/2026-02-10_Board_of_Directors/attachments/K_02_01_FY26 Quarter 2 Financial Report (1).pdf,3,medium,FY2025 actual (prior-year table)
2025-04,10,General Fund,Utility Replacement Excise Tax,revenue,95588,data/raw/board_packets/2026-02-10_Board_of_Directors/attachments/K_02_01_FY26 Quarter 2 Financial Report (1).pdf,3,medium,FY2025 actual (prior-year table)
2025-05,10,General Fund,Utility Replacement Excise Tax,revenue,132837,data/raw/board_packets/2026-02-10_Board_of_Directors/attachments/K_02_01_FY26 Quarter 2 Financial Report (1).pdf,3,medium,FY2025 actual (prior-year table)
2025-06,10,General Fund,Utility Replacement Excise Tax,revenue,0,data/raw/board_packets/2026-02-10_Board_of_Directors/attachments/K_02_01_FY26 Quarter 2 Financial Report (1).pdf,3,medium,FY2025 actual (prior-year table)
2024-07,10,General Fund,Income Surtaxes,revenue,0,data/raw/board_packets/2026-02-10_Board_of_Directors/attachments/K_02_01_FY26 Quarter 2 Financial Report (1).pdf,3,medium,FY2025 actual (prior-year table)
2024-08,10,General Fund,Income Surtaxes,revenue,0,data/raw/board_packets/2026-02-10_Board_of_Directors/attachments/K_02_01_FY26 Quarter 2 Financial Report (1).pdf,3,medium,FY2025 actual (prior-year table)
2024-09,10,General Fund,Income Surtaxes,revenue,0,data/raw/board_packets/2026-02-10_Board_of_Directors/attachments/K_02_01_FY26 Quarter 2 Financial Report (1).pdf,3,medium,FY2025 actual (prior-year table)
2024-10,10,General Fund,Income Surtaxes,revenue,0,data/raw/board_packets/2026-02-10_Board_of_Directors/attachments/K_02_01_FY26 Quarter 2 Financial Report (1).pdf,3,medium,FY2025 actual (prior-year table)
2024-11,10,General Fund,Income Surtaxes,revenue,0,data/raw/board_packets/2026-02-10_Board_of_Directors/attachments/K_02_01_FY26 Quarter 2 Financial Report (1).pdf,3,medium,FY2025 actual (prior-year table)
2024-12,10,General Fund,Income Surtaxes,revenue,6729557,data/raw/board_packets/2026-02-10_Board_of_Directors/attachments/K_02_01_FY26 Quarter 2 Financial Report (1).pdf,3,medium,FY2025 actual (prior-year table)
2025-01,10,General Fund,Income Surtaxes,revenue,46175,data/raw/board_packets/2026-02-10_Board_of_Directors/attachments/K_02_01_FY26 Quarter 2 Financial Report (1).pdf,3,medium,FY2025 actual (prior-year table)
2025-02,10,General Fund,Income Surtaxes,revenue,0,data/raw/board_packets/2026-02-10_Board_of_Directors/attachments/K_02_01_FY26 Quarter 2 Financial Report (1).pdf,3,medium,FY2025 actual (prior-year table)
2025-03,10,General Fund,Income Surtaxes,revenue,0,data/raw/board_packets/2026-02-10_Board_of_Directors/attachments/K_02_01_FY26 Quarter 2 Financial Report (1).pdf,3,medium,FY2025 actual (prior-year table)
2025-04,10,General Fund,Income Surtaxes,revenue,0,data/raw/board_packets/2026-02-10_Board_of_Directors/attachments/K_02_01_FY26 Quarter 2 Financial Report (1).pdf,3,medium,FY2025 actual (prior-year table)
2025-05,10,General Fund,Income Surtaxes,revenue,0,data/raw/board_packets/2026-02-10_Board_of_Directors/attachments/K_02_01_FY26 Quarter 2 Financial Report (1).pdf,3,medium,FY2025 actual (prior-year table)
2025-06,10,General Fund,Income Surtaxes,revenue,0,data/raw/board_packets/2026-02-10_Board_of_Directors/attachments/K_02_01_FY26 Quarter 2 Financial Report (1).pdf,3,medium,FY2025 actual (prior-year table)
2024-07,10,General Fund,"Tuition,Transportation",revenue,936912,data/raw/board_packets/2026-02-10_Board_of_Directors/attachments/K_02_01_FY26 Quarter 2 Financial Report (1).pdf,3,medium,FY2025 actual (prior-year table)
2024-08,10,General Fund,"Tuition,Transportation",revenue,734753,data/raw/board_packets/2026-02-10_Board_of_Directors/attachments/K_02_01_FY26 Quarter 2 Financial Report (1).pdf,3,medium,FY2025 actual (prior-year table)
2024-09,10,General Fund,"Tuition,Transportation",revenue,-1599445,data/raw/board_packets/2026-02-10_Board_of_Directors/attachments/K_02_01_FY26 Quarter 2 Financial Report (1).pdf,3,medium,FY2025 actual (prior-year table)
2024-10,10,General Fund,"Tuition,Transportation",revenue,-1206,data/raw/board_packets/2026-02-10_Board_of_Directors/attachments/K_02_01_FY26 Quarter 2 Financial Report (1).pdf,3,medium,FY2025 actual (prior-year table)
2024-11,10,General Fund,"Tuition,Transportation",revenue,0,data/raw/board_packets/2026-02-10_Board_of_Directors/attachments/K_02_01_FY26 Quarter 2 Financial Report (1).pdf,3,medium,FY2025 actual (prior-year table)
2024-12,10,General Fund,"Tuition,Transportation",revenue,0,data/raw/board_packets/2026-02-10_Board_of_Directors/attachments/K_02_01_FY26 Quarter 2 Financial Report (1).pdf,3,medium,FY2025 actual (prior-year table)
2025-01,10,General Fund,"Tuition,Transportation",revenue,197,data/raw/board_packets/2026-02-10_Board_of_Directors/attachments/K_02_01_FY26 Quarter 2 Financial Report (1).pdf,3,medium,FY2025 actual (prior-year table)
2025-02,10,General Fund,"Tuition,Transportation",revenue,244414,data/raw/board_packets/2026-02-10_Board_of_Directors/attachments/K_02_01_FY26 Quarter 2 Financial Report (1).pdf,3,medium,FY2025 actual (prior-year table)
2025-03,10,General Fund,"Tuition,Transportation",revenue,817,data/raw/board_packets/2026-02-10_Board_of_Directors/attachments/K_02_01_FY26 Quarter 2 Financial Report (1).pdf,3,medium,FY2025 actual (prior-year table)
2025-04,10,General Fund,"Tuition,Transportation",revenue,1070769,data/raw/board_packets/2026-02-10_Board_of_Directors/attachments/K_02_01_FY26 Quarter 2 Financial Report (1).pdf,3,medium,FY2025 actual (prior-year table)
2025-05,10,General Fund,"Tuition,Transportation",revenue,144957,data/raw/board_packets/2026-02-10_Board_of_Directors/attachments/K_02_01_FY26 Quarter 2 Financial Report (1).pdf,3,medium,FY2025 actual (prior-year table)
2025-06,10,General Fund,"Tuition,Transportation",revenue,1882396,data/raw/board_packets/2026-02-10_Board_of_Directors/attachments/K_02_01_FY26 Quarter 2 Financial Report (1).pdf,3,medium,FY2025 actual (prior-year table)
2024-07,10,General Fund,Investment Earnings,revenue,94356,data/raw/board_packets/2026-02-10_Board_of_Directors/attachments/K_02_01_FY26 Quarter 2 Financial Report (1).pdf,3,medium,FY2025 actual (prior-year table)
2024-08,10,General Fund,Investment Earnings,revenue,43420,data/raw/board_packets/2026-02-10_Board_of_Directors/attachments/K_02_01_FY26 Quarter 2 Financial Report (1).pdf,3,medium,FY2025 actual (prior-year table)
2024-09,10,General Fund,Investment Earnings,revenue,22500,data/raw/board_packets/2026-02-10_Board_of_Directors/attachments/K_02_01_FY26 Quarter 2 Financial Report (1).pdf,3,medium,FY2025 actual (prior-year table)
2024-10,10,General Fund,Investment Earnings,revenue,129659,data/raw/board_packets/2026-02-10_Board_of_Directors/attachments/K_02_01_FY26 Quarter 2 Financial Report (1).pdf,3,medium,FY2025 actual (prior-year table)
2024-11,10,General Fund,Investment Earnings,revenue,111148,data/raw/board_packets/2026-02-10_Board_of_Directors/attachments/K_02_01_FY26 Quarter 2 Financial Report (1).pdf,3,medium,FY2025 actual (prior-year table)
2024-12,10,General Fund,Investment Earnings,revenue,108409,data/raw/board_packets/2026-02-10_Board_of_Directors/attachments/K_02_01_FY26 Quarter 2 Financial Report (1).pdf,3,medium,FY2025 actual (prior-year table)
2025-01,10,General Fund,Investment Earnings,revenue,0,data/raw/board_packets/2026-02-10_Board_of_Directors/attachments/K_02_01_FY26 Quarter 2 Financial Report (1).pdf,3,medium,FY2025 actual (prior-year table)
2025-02,10,General Fund,Investment Earnings,revenue,255053,data/raw/board_packets/2026-02-10_Board_of_Directors/attachments/K_02_01_FY26 Quarter 2 Financial Report (1).pdf,3,medium,FY2025 actual (prior-year table)
2025-03,10,General Fund,Investment Earnings,revenue,63132,data/raw/board_packets/2026-02-10_Board_of_Directors/attachments/K_02_01_FY26 Quarter 2 Financial Report (1).pdf,3,medium,FY2025 actual (prior-year table)
2025-04,10,General Fund,Investment Earnings,revenue,156772,data/raw/board_packets/2026-02-10_Board_of_Directors/attachments/K_02_01_FY26 Quarter 2 Financial Report (1).pdf,3,medium,FY2025 actual (prior-year table)
2025-05,10,General Fund,Investment Earnings,revenue,190874,data/raw/board_packets/2026-02-10_Board_of_Directors/attachments/K_02_01_FY26 Quarter 2 Financial Report (1).pdf,3,medium,FY2025 actual (prior-year table)
2025-06,10,General Fund,Investment Earnings,revenue,87778,data/raw/board_packets/2026-02-10_Board_of_Directors/attachments/K_02_01_FY26 Quarter 2 Financial Report (1).pdf,3,medium,FY2025 actual (prior-year table)
2024-07,10,General Fund,Nutrition Services,revenue,0,data/raw/board_packets/2026-02-10_Board_of_Directors/attachments/K_02_01_FY26 Quarter 2 Financial Report (1).pdf,3,medium,FY2025 actual (prior-year table)
2024-08,10,General Fund,Nutrition Services,revenue,0,data/raw/board_packets/2026-02-10_Board_of_Directors/attachments/K_02_01_FY26 Quarter 2 Financial Report (1).pdf,3,medium,FY2025 actual (prior-year table)
2024-09,10,General Fund,Nutrition Services,revenue,0,data/raw/board_packets/2026-02-10_Board_of_Directors/attachments/K_02_01_FY26 Quarter 2 Financial Report (1).pdf,3,medium,FY2025 actual (prior-year table)
2024-10,10,General Fund,Nutrition Services,revenue,0,data/raw/board_packets/2026-02-10_Board_of_Directors/attachments/K_02_01_FY26 Quarter 2 Financial Report (1).pdf,3,medium,FY2025 actual (prior-year table)
2024-11,10,General Fund,Nutrition Services,revenue,0,data/raw/board_packets/2026-02-10_Board_of_Directors/attachments/K_02_01_FY26 Quarter 2 Financial Report (1).pdf,3,medium,FY2025 actual (prior-year table)
2024-12,10,General Fund,Nutrition Services,revenue,0,data/raw/board_packets/2026-02-10_Board_of_Directors/attachments/K_02_01_FY26 Quarter 2 Financial Report (1).pdf,3,medium,FY2025 actual (prior-year table)
2025-01,10,General Fund,Nutrition Services,revenue,0,data/raw/board_packets/2026-02-10_Board_of_Directors/attachments/K_02_01_FY26 Quarter 2 Financial Report (1).pdf,3,medium,FY2025 actual (prior-year table)
2025-02,10,General Fund,Nutrition Services,revenue,0,data/raw/board_packets/2026-02-10_Board_of_Directors/attachments/K_02_01_FY26 Quarter 2 Financial Report (1).pdf,3,medium,FY2025 actual (prior-year table)
2025-03,10,General Fund,Nutrition Services,revenue,0,data/raw/board_packets/2026-02-10_Board_of_Directors/attachments/K_02_01_FY26 Quarter 2 Financial Report (1).pdf,3,medium,FY2025 actual (prior-year table)
2025-04,10,General Fund,Nutrition Services,revenue,0,data/raw/board_packets/2026-02-10_Board_of_Directors/attachments/K_02_01_FY26 Quarter 2 Financial Report (1).pdf,3,medium,FY2025 actual (prior-year table)
2025-05,10,General Fund,Nutrition Services,revenue,0,data/raw/board_packets/2026-02-10_Board_of_Directors/attachments/K_02_01_FY26 Quarter 2 Financial Report (1).pdf,3,medium,FY2025 actual (prior-year table)
2025-06,10,General Fund,Nutrition Services,revenue,0,data/raw/board_packets/2026-02-10_Board_of_Directors/attachments/K_02_01_FY26 Quarter 2 Financial Report (1).pdf,3,medium,FY2025 actual (prior-year table)
2024-07,10,General Fund,Student Activities,revenue,160478,data/raw/board_packets/2026-02-10_Board_of_Directors/attachments/K_02_01_FY26 Quarter 2 Financial Report (1).pdf,3,medium,FY2025 actual (prior-year table)
2024-08,10,General Fund,Student Activities,revenue,313279,data/raw/board_packets/2026-02-10_Board_of_Directors/attachments/K_02_01_FY26 Quarter 2 Financial Report (1).pdf,3,medium,FY2025 actual (prior-year table)
2024-09,10,General Fund,Student Activities,revenue,30501,data/raw/board_packets/2026-02-10_Board_of_Directors/attachments/K_02_01_FY26 Quarter 2 Financial Report (1).pdf,3,medium,FY2025 actual (prior-year table)
2024-10,10,General Fund,Student Activities,revenue,20256,data/raw/board_packets/2026-02-10_Board_of_Directors/attachments/K_02_01_FY26 Quarter 2 Financial Report (1).pdf,3,medium,FY2025 actual (prior-year table)
2024-11,10,General Fund,Student Activities,revenue,267,data/raw/board_packets/2026-02-10_Board_of_Directors/attachments/K_02_01_FY26 Quarter 2 Financial Report (1).pdf,3,medium,FY2025 actual (prior-year table)
2024-12,10,General Fund,Student Activities,revenue,45,data/raw/board_packets/2026-02-10_Board_of_Directors/attachments/K_02_01_FY26 Quarter 2 Financial Report (1).pdf,3,medium,FY2025 actual (prior-year table)
2025-01,10,General Fund,Student Activities,revenue,1802,data/raw/board_packets/2026-02-10_Board_of_Directors/attachments/K_02_01_FY26 Quarter 2 Financial Report (1).pdf,3,medium,FY2025 actual (prior-year table)
2025-02,10,General Fund,Student Activities,revenue,2756,data/raw/board_packets/2026-02-10_Board_of_Directors/attachments/K_02_01_FY26 Quarter 2 Financial Report (1).pdf,3,medium,FY2025 actual (prior-year table)
2025-03,10,General Fund,Student Activities,revenue,1269,data/raw/board_packets/2026-02-10_Board_of_Directors/attachments/K_02_01_FY26 Quarter 2 Financial Report (1).pdf,3,medium,FY2025 actual (prior-year table)
2025-04,10,General Fund,Student Activities,revenue,3181,data/raw/board_packets/2026-02-10_Board_of_Directors/attachments/K_02_01_FY26 Quarter 2 Financial Report (1).pdf,3,medium,FY2025 actual (prior-year table)
2025-05,10,General Fund,Student Activities,revenue,3647,data/raw/board_packets/2026-02-10_Board_of_Directors/attachments/K_02_01_FY26 Quarter 2 Financial Report (1).pdf,3,medium,FY2025 actual (prior-year table)
2025-06,10,General Fund,Student Activities,revenue,1291,data/raw/board_packets/2026-02-10_Board_of_Directors/attachments/K_02_01_FY26 Quarter 2 Financial Report (1).pdf,3,medium,FY2025 actual (prior-year table)
2024-07,10,General Fund,Other Local Sources,revenue,27127,data/raw/board_packets/2026-02-10_Board_of_Directors/attachments/K_02_01_FY26 Quarter 2 Financial Report (1).pdf,3,medium,FY2025 actual (prior-year table)
2024-08,10,General Fund,Other Local Sources,revenue,14819,data/raw/board_packets/2026-02-10_Board_of_Directors/attachments/K_02_01_FY26 Quarter 2 Financial Report (1).pdf,3,medium,FY2025 actual (prior-year table)
2024-09,10,General Fund,Other Local Sources,revenue,55460,data/raw/board_packets/2026-02-10_Board_of_Directors/attachments/K_02_01_FY26 Quarter 2 Financial Report (1).pdf,3,medium,FY2025 actual (prior-year table)
2024-10,10,General Fund,Other Local Sources,revenue,112201,data/raw/board_packets/2026-02-10_Board_of_Directors/attachments/K_02_01_FY26 Quarter 2 Financial Report (1).pdf,3,medium,FY2025 actual (prior-year table)
2024-11,10,General Fund,Other Local Sources,revenue,16167,data/raw/board_packets/2026-02-10_Board_of_Directors/attachments/K_02_01_FY26 Quarter 2 Financial Report (1).pdf,3,medium,FY2025 actual (prior-year table)
2024-12,10,General Fund,Other Local Sources,revenue,258547,data/raw/board_packets/2026-02-10_Board_of_Directors/attachments/K_02_01_FY26 Quarter 2 Financial Report (1).pdf,3,medium,FY2025 actual (prior-year table)
2025-01,10,General Fund,Other Local Sources,revenue,49155,data/raw/board_packets/2026-02-10_Board_of_Directors/attachments/K_02_01_FY26 Quarter 2 Financial Report (1).pdf,3,medium,FY2025 actual (prior-year table)
2025-02,10,General Fund,Other Local Sources,revenue,95064,data/raw/board_packets/2026-02-10_Board_of_Directors/attachments/K_02_01_FY26 Quarter 2 Financial Report (1).pdf,3,medium,FY2025 actual (prior-year table)
2025-03,10,General Fund,Other Local Sources,revenue,35852,data/raw/board_packets/2026-02-10_Board_of_Directors/attachments/K_02_01_FY26 Quarter 2 Financial Report (1).pdf,3,medium,FY2025 actual (prior-year table)
2025-04,10,General Fund,Other Local Sources,revenue,324752,data/raw/board_packets/2026-02-10_Board_of_Directors/attachments/K_02_01_FY26 Quarter 2 Financial Report (1).pdf,3,medium,FY2025 actual (prior-year table)
2025-05,10,General Fund,Other Local Sources,revenue,123144,data/raw/board_packets/2026-02-10_Board_of_Directors/attachments/K_02_01_FY26 Quarter 2 Financial Report (1).pdf,3,medium,FY2025 actual (prior-year table)
2025-06,10,General Fund,Other Local Sources,revenue,220871,data/raw/board_packets/2026-02-10_Board_of_Directors/attachments/K_02_01_FY26 Quarter 2 Financial Report (1).pdf,3,medium,FY2025 actual (prior-year table)
2024-07,10,General Fund,Intermediary Sources,revenue,0,data/raw/board_packets/2026-02-10_Board_of_Directors/attachments/K_02_01_FY26 Quarter 2 Financial Report (1).pdf,3,medium,FY2025 actual (prior-year table)
2024-08,10,General Fund,Intermediary Sources,revenue,9000,data/raw/board_packets/2026-02-10_Board_of_Directors/attachments/K_02_01_FY26 Quarter 2 Financial Report (1).pdf,3,medium,FY2025 actual (prior-year table)
2024-09,10,General Fund,Intermediary Sources,revenue,0,data/raw/board_packets/2026-02-10_Board_of_Directors/attachments/K_02_01_FY26 Quarter 2 Financial Report (1).pdf,3,medium,FY2025 actual (prior-year table)
2024-10,10,General Fund,Intermediary Sources,revenue,0,data/raw/board_packets/2026-02-10_Board_of_Directors/attachments/K_02_01_FY26 Quarter 2 Financial Report (1).pdf,3,medium,FY2025 actual (prior-year table)
2024-11,10,General Fund,Intermediary Sources,revenue,0,data/raw/board_packets/2026-02-10_Board_of_Directors/attachments/K_02_01_FY26 Quarter 2 Financial Report (1).pdf,3,medium,FY2025 actual (prior-year table)
2024-12,10,General Fund,Intermediary Sources,revenue,0,data/raw/board_packets/2026-02-10_Board_of_Directors/attachments/K_02_01_FY26 Quarter 2 Financial Report (1).pdf,3,medium,FY2025 actual (prior-year table)
2025-01,10,General Fund,Intermediary Sources,revenue,0,data/raw/board_packets/2026-02-10_Board_of_Directors/attachments/K_02_01_FY26 Quarter 2 Financial Report (1).pdf,3,medium,FY2025 actual (prior-year table)
2025-02,10,General Fund,Intermediary Sources,revenue,0,data/raw/board_packets/2026-02-10_Board_of_Directors/attachments/K_02_01_FY26 Quarter 2 Financial Report (1).pdf,3,medium,FY2025 actual (prior-year table)
2025-03,10,General Fund,Intermediary Sources,revenue,0,data/raw/board_packets/2026-02-10_Board_of_Directors/attachments/K_02_01_FY26 Quarter 2 Financial Report (1).pdf,3,medium,FY2025 actual (prior-year table)
2025-04,10,General Fund,Intermediary Sources,revenue,0,data/raw/board_packets/2026-02-10_Board_of_Directors/attachments/K_02_01_FY26 Quarter 2 Financial Report (1).pdf,3,medium,FY2025 actual (prior-year table)
2025-05,10,General Fund,Intermediary Sources,revenue,0,data/raw/board_packets/2026-02-10_Board_of_Directors/attachments/K_02_01_FY26 Quarter 2 Financial Report (1).pdf,3,medium,FY2025 actual (prior-year table)
2025-06,10,General Fund,Intermediary Sources,revenue,0,data/raw/board_packets/2026-02-10_Board_of_Directors/attachments/K_02_01_FY26 Quarter 2 Financial Report (1).pdf,3,medium,FY2025 actual (prior-year table)
2024-07,10,General Fund,State Foundation Aid,revenue,904587,data/raw/board_packets/2026-02-10_Board_of_Directors/attachments/K_02_01_FY26 Quarter 2 Financial Report (1).pdf,3,medium,FY2025 actual (prior-year table)
2024-08,10,General Fund,State Foundation Aid,revenue,489032,data/raw/board_packets/2026-02-10_Board_of_Directors/attachments/K_02_01_FY26 Quarter 2 Financial Report (1).pdf,3,medium,FY2025 actual (prior-year table)
2024-09,10,General Fund,State Foundation Aid,revenue,10088234,data/raw/board_packets/2026-02-10_Board_of_Directors/attachments/K_02_01_FY26 Quarter 2 Financial Report (1).pdf,3,medium,FY2025 actual (prior-year table)
2024-10,10,General Fund,State Foundation Aid,revenue,10088234,data/raw/board_packets/2026-02-10_Board_of_Directors/attachments/K_02_01_FY26 Quarter 2 Financial Report (1).pdf,3,medium,FY2025 actual (prior-year table)
2024-11,10,General Fund,State Foundation Aid,revenue,10088234,data/raw/board_packets/2026-02-10_Board_of_Directors/attachments/K_02_01_FY26 Quarter 2 Financial Report (1).pdf,3,medium,FY2025 actual (prior-year table)
2024-12,10,General Fund,State Foundation Aid,revenue,10088234,data/raw/board_packets/2026-02-10_Board_of_Directors/attachments/K_02_01_FY26 Quarter 2 Financial Report (1).pdf,3,medium,FY2025 actual (prior-year table)
2025-01,10,General Fund,State Foundation Aid,revenue,10088234,data/raw/board_packets/2026-02-10_Board_of_Directors/attachments/K_02_01_FY26 Quarter 2 Financial Report (1).pdf,3,medium,FY2025 actual (prior-year table)
2025-02,10,General Fund,State Foundation Aid,revenue,10469301,data/raw/board_packets/2026-02-10_Board_of_Directors/attachments/K_02_01_FY26 Quarter 2 Financial Report (1).pdf,3,medium,FY2025 actual (prior-year table)
2025-03,10,General Fund,State Foundation Aid,revenue,10034251,data/raw/board_packets/2026-02-10_Board_of_Directors/attachments/K_02_01_FY26 Quarter 2 Financial Report (1).pdf,3,medium,FY2025 actual (prior-year table)
2025-04,10,General Fund,State Foundation Aid,revenue,10034251,data/raw/board_packets/2026-02-10_Board_of_Directors/attachments/K_02_01_FY26 Quarter 2 Financial Report (1).pdf,3,medium,FY2025 actual (prior-year table)
2025-05,10,General Fund,State Foundation Aid,revenue,10034251,data/raw/board_packets/2026-02-10_Board_of_Directors/attachments/K_02_01_FY26 Quarter 2 Financial Report (1).pdf,3,medium,FY2025 actual (prior-year table)
2025-06,10,General Fund,State Foundation Aid,revenue,10153268,data/raw/board_packets/2026-02-10_Board_of_Directors/attachments/K_02_01_FY26 Quarter 2 Financial Report (1).pdf,3,medium,FY2025 actual (prior-year table)
2024-07,10,General Fund,Instructional Support,revenue,0,data/raw/board_packets/2026-02-10_Board_of_Directors/attachments/K_02_01_FY26 Quarter 2 Financial Report (1).pdf,3,medium,FY2025 actual (prior-year table)
2024-08,10,General Fund,Instructional Support,revenue,0,data/raw/board_packets/2026-02-10_Board_of_Directors/attachments/K_02_01_FY26 Quarter 2 Financial Report (1).pdf,3,medium,FY2025 actual (prior-year table)
2024-09,10,General Fund,Instructional Support,revenue,0,data/raw/board_packets/2026-02-10_Board_of_Directors/attachments/K_02_01_FY26 Quarter 2 Financial Report (1).pdf,3,medium,FY2025 actual (prior-year table)
2024-10,10,General Fund,Instructional Support,revenue,0,data/raw/board_packets/2026-02-10_Board_of_Directors/attachments/K_02_01_FY26 Quarter 2 Financial Report (1).pdf,3,medium,FY2025 actual (prior-year table)
2024-11,10,General Fund,Instructional Support,revenue,0,data/raw/board_packets/2026-02-10_Board_of_Directors/attachments/K_02_01_FY26 Quarter 2 Financial Report (1).pdf,3,medium,FY2025 actual (prior-year table)
2024-12,10,General Fund,Instructional Support,revenue,0,data/raw/board_packets/2026-02-10_Board_of_Directors/attachments/K_02_01_FY26 Quarter 2 Financial Report (1).pdf,3,medium,FY2025 actual (prior-year table)
2025-01,10,General Fund,Instructional Support,revenue,0,data/raw/board_packets/2026-02-10_Board_of_Directors/attachments/K_02_01_FY26 Quarter 2 Financial Report (1).pdf,3,medium,FY2025 actual (prior-year table)
2025-02,10,General Fund,Instructional Support,revenue,0,data/raw/board_packets/2026-02-10_Board_of_Directors/attachments/K_02_01_FY26 Quarter 2 Financial Report (1).pdf,3,medium,FY2025 actual (prior-year table)
2025-03,10,General Fund,Instructional Support,revenue,0,data/raw/board_packets/2026-02-10_Board_of_Directors/attachments/K_02_01_FY26 Quarter 2 Financial Report (1).pdf,3,medium,FY2025 actual (prior-year table)
2025-04,10,General Fund,Instructional Support,revenue,0,data/raw/board_packets/2026-02-10_Board_of_Directors/attachments/K_02_01_FY26 Quarter 2 Financial Report (1).pdf,3,medium,FY2025 actual (prior-year table)
2025-05,10,General Fund,Instructional Support,revenue,0,data/raw/board_packets/2026-02-10_Board_of_Directors/attachments/K_02_01_FY26 Quarter 2 Financial Report (1).pdf,3,medium,FY2025 actual (prior-year table)
2025-06,10,General Fund,Instructional Support,revenue,0,data/raw/board_packets/2026-02-10_Board_of_Directors/attachments/K_02_01_FY26 Quarter 2 Financial Report (1).pdf,3,medium,FY2025 actual (prior-year table)
2024-07,10,General Fund,Other State Sources,revenue,0,data/raw/board_packets/2026-02-10_Board_of_Directors/attachments/K_02_01_FY26 Quarter 2 Financial Report (1).pdf,3,medium,FY2025 actual (prior-year table)
2024-08,10,General Fund,Other State Sources,revenue,53667,data/raw/board_packets/2026-02-10_Board_of_Directors/attachments/K_02_01_FY26 Quarter 2 Financial Report (1).pdf,3,medium,FY2025 actual (prior-year table)
2024-09,10,General Fund,Other State Sources,revenue,-7497,data/raw/board_packets/2026-02-10_Board_of_Directors/attachments/K_02_01_FY26 Quarter 2 Financial Report (1).pdf,3,medium,FY2025 actual (prior-year table)
2024-10,10,General Fund,Other State Sources,revenue,46170,data/raw/board_packets/2026-02-10_Board_of_Directors/attachments/K_02_01_FY26 Quarter 2 Financial Report (1).pdf,3,medium,FY2025 actual (prior-year table)
2024-11,10,General Fund,Other State Sources,revenue,0,data/raw/board_packets/2026-02-10_Board_of_Directors/attachments/K_02_01_FY26 Quarter 2 Financial Report (1).pdf,3,medium,FY2025 actual (prior-year table)
2024-12,10,General Fund,Other State Sources,revenue,4800,data/raw/board_packets/2026-02-10_Board_of_Directors/attachments/K_02_01_FY26 Quarter 2 Financial Report (1).pdf,3,medium,FY2025 actual (prior-year table)
2025-01,10,General Fund,Other State Sources,revenue,0,data/raw/board_packets/2026-02-10_Board_of_Directors/attachments/K_02_01_FY26 Quarter 2 Financial Report (1).pdf,3,medium,FY2025 actual (prior-year table)
2025-02,10,General Fund,Other State Sources,revenue,174473,data/raw/board_packets/2026-02-10_Board_of_Directors/attachments/K_02_01_FY26 Quarter 2 Financial Report (1).pdf,3,medium,FY2025 actual (prior-year table)
2025-03,10,General Fund,Other State Sources,revenue,0,data/raw/board_packets/2026-02-10_Board_of_Directors/attachments/K_02_01_FY26 Quarter 2 Financial Report (1).pdf,3,medium,FY2025 actual (prior-year table)
2025-04,10,General Fund,Other State Sources,revenue,46170,data/raw/board_packets/2026-02-10_Board_of_Directors/attachments/K_02_01_FY26 Quarter 2 Financial Report (1).pdf,3,medium,FY2025 actual (prior-year table)
2025-05,10,General Fund,Other State Sources,revenue,0,data/raw/board_packets/2026-02-10_Board_of_Directors/attachments/K_02_01_FY26 Quarter 2 Financial Report (1).pdf,3,medium,FY2025 actual (prior-year table)
2025-06,10,General Fund,Other State Sources,revenue,712345,data/raw/board_packets/2026-02-10_Board_of_Directors/attachments/K_02_01_FY26 Quarter 2 Financial Report (1).pdf,3,medium,FY2025 actual (prior-year table)
2024-07,10,General Fund,Two Tier Assessment Limitation Replace,revenue,0,data/raw/board_packets/2026-02-10_Board_of_Directors/attachments/K_02_01_FY26 Quarter 2 Financial Report (1).pdf,3,medium,FY2025 actual (prior-year table)
2024-08,10,General Fund,Two Tier Assessment Limitation Replace,revenue,0,data/raw/board_packets/2026-02-10_Board_of_Directors/attachments/K_02_01_FY26 Quarter 2 Financial Report (1).pdf,3,medium,FY2025 actual (prior-year table)
2024-09,10,General Fund,Two Tier Assessment Limitation Replace,revenue,0,data/raw/board_packets/2026-02-10_Board_of_Directors/attachments/K_02_01_FY26 Quarter 2 Financial Report (1).pdf,3,medium,FY2025 actual (prior-year table)
2024-10,10,General Fund,Two Tier Assessment Limitation Replace,revenue,0,data/raw/board_packets/2026-02-10_Board_of_Directors/attachments/K_02_01_FY26 Quarter 2 Financial Report (1).pdf,3,medium,FY2025 actual (prior-year table)
2024-11,10,General Fund,Two Tier Assessment Limitation Replace,revenue,0,data/raw/board_packets/2026-02-10_Board_of_Directors/attachments/K_02_01_FY26 Quarter 2 Financial Report (1).pdf,3,medium,FY2025 actual (prior-year table)
2024-12,10,General Fund,Two Tier Assessment Limitation Replace,revenue,0,data/raw/board_packets/2026-02-10_Board_of_Directors/attachments/K_02_01_FY26 Quarter 2 Financial Report (1).pdf,3,medium,FY2025 actual (prior-year table)
2025-01,10,General Fund,Two Tier Assessment Limitation Replace,revenue,0,data/raw/board_packets/2026-02-10_Board_of_Directors/attachments/K_02_01_FY26 Quarter 2 Financial Report (1).pdf,3,medium,FY2025 actual (prior-year table)
2025-02,10,General Fund,Two Tier Assessment Limitation Replace,revenue,0,data/raw/board_packets/2026-02-10_Board_of_Directors/attachments/K_02_01_FY26 Quarter 2 Financial Report (1).pdf,3,medium,FY2025 actual (prior-year table)
2025-03,10,General Fund,Two Tier Assessment Limitation Replace,revenue,0,data/raw/board_packets/2026-02-10_Board_of_Directors/attachments/K_02_01_FY26 Quarter 2 Financial Report (1).pdf,3,medium,FY2025 actual (prior-year table)
2025-04,10,General Fund,Two Tier Assessment Limitation Replace,revenue,0,data/raw/board_packets/2026-02-10_Board_of_Directors/attachments/K_02_01_FY26 Quarter 2 Financial Report (1).pdf,3,medium,FY2025 actual (prior-year table)
2025-05,10,General Fund,Two Tier Assessment Limitation Replace,revenue,0,data/raw/board_packets/2026-02-10_Board_of_Directors/attachments/K_02_01_FY26 Quarter 2 Financial Report (1).pdf,3,medium,FY2025 actual (prior-year table)
2025-06,10,General Fund,Two Tier Assessment Limitation Replace,revenue,931060,data/raw/board_packets/2026-02-10_Board_of_Directors/attachments/K_02_01_FY26 Quarter 2 Financial Report (1).pdf,3,medium,FY2025 actual (prior-year table)
2024-07,10,General Fund,Title 1 Grants,revenue,0,data/raw/board_packets/2026-02-10_Board_of_Directors/attachments/K_02_01_FY26 Quarter 2 Financial Report (1).pdf,3,medium,FY2025 actual (prior-year table)
2024-08,10,General Fund,Title 1 Grants,revenue,0,data/raw/board_packets/2026-02-10_Board_of_Directors/attachments/K_02_01_FY26 Quarter 2 Financial Report (1).pdf,3,medium,FY2025 actual (prior-year table)
2024-09,10,General Fund,Title 1 Grants,revenue,0,data/raw/board_packets/2026-02-10_Board_of_Directors/attachments/K_02_01_FY26 Quarter 2 Financial Report (1).pdf,3,medium,FY2025 actual (prior-year table)
2024-10,10,General Fund,Title 1 Grants,revenue,0,data/raw/board_packets/2026-02-10_Board_of_Directors/attachments/K_02_01_FY26 Quarter 2 Financial Report (1).pdf,3,medium,FY2025 actual (prior-year table)
2024-11,10,General Fund,Title 1 Grants,revenue,0,data/raw/board_packets/2026-02-10_Board_of_Directors/attachments/K_02_01_FY26 Quarter 2 Financial Report (1).pdf,3,medium,FY2025 actual (prior-year table)
2024-12,10,General Fund,Title 1 Grants,revenue,0,data/raw/board_packets/2026-02-10_Board_of_Directors/attachments/K_02_01_FY26 Quarter 2 Financial Report (1).pdf,3,medium,FY2025 actual (prior-year table)
2025-01,10,General Fund,Title 1 Grants,revenue,0,data/raw/board_packets/2026-02-10_Board_of_Directors/attachments/K_02_01_FY26 Quarter 2 Financial Report (1).pdf,3,medium,FY2025 actual (prior-year table)
2025-02,10,General Fund,Title 1 Grants,revenue,0,data/raw/board_packets/2026-02-10_Board_of_Directors/attachments/K_02_01_FY26 Quarter 2 Financial Report (1).pdf,3,medium,FY2025 actual (prior-year table)
2025-03,10,General Fund,Title 1 Grants,revenue,989997,data/raw/board_packets/2026-02-10_Board_of_Directors/attachments/K_02_01_FY26 Quarter 2 Financial Report (1).pdf,3,medium,FY2025 actual (prior-year table)
2025-04,10,General Fund,Title 1 Grants,revenue,0,data/raw/board_packets/2026-02-10_Board_of_Directors/attachments/K_02_01_FY26 Quarter 2 Financial Report (1).pdf,3,medium,FY2025 actual (prior-year table)
2025-05,10,General Fund,Title 1 Grants,revenue,763359,data/raw/board_packets/2026-02-10_Board_of_Directors/attachments/K_02_01_FY26 Quarter 2 Financial Report (1).pdf,3,medium,FY2025 actual (prior-year table)
2025-06,10,General Fund,Title 1 Grants,revenue,889487,data/raw/board_packets/2026-02-10_Board_of_Directors/attachments/K_02_01_FY26 Quarter 2 Financial Report (1).pdf,3,medium,FY2025 actual (prior-year table)
2024-07,10,General Fund,Other Federal Sources,revenue,-112206,data/raw/board_packets/2026-02-10_Board_of_Directors/attachments/K_02_01_FY26 Quarter 2 Financial Report (1).pdf,3,medium,FY2025 actual (prior-year table)
2024-08,10,General Fund,Other Federal Sources,revenue,10146,data/raw/board_packets/2026-02-10_Board_of_Directors/attachments/K_02_01_FY26 Quarter 2 Financial Report (1).pdf,3,medium,FY2025 actual (prior-year table)
2024-09,10,General Fund,Other Federal Sources,revenue,-216503,data/raw/board_packets/2026-02-10_Board_of_Directors/attachments/K_02_01_FY26 Quarter 2 Financial Report (1).pdf,3,medium,FY2025 actual (prior-year table)
2024-10,10,General Fund,Other Federal Sources,revenue,369203,data/raw/board_packets/2026-02-10_Board_of_Directors/attachments/K_02_01_FY26 Quarter 2 Financial Report (1).pdf,3,medium,FY2025 actual (prior-year table)
2024-11,10,General Fund,Other Federal Sources,revenue,0,data/raw/board_packets/2026-02-10_Board_of_Directors/attachments/K_02_01_FY26 Quarter 2 Financial Report (1).pdf,3,medium,FY2025 actual (prior-year table)
2024-12,10,General Fund,Other Federal Sources,revenue,349436,data/raw/board_packets/2026-02-10_Board_of_Directors/attachments/K_02_01_FY26 Quarter 2 Financial Report (1).pdf,3,medium,FY2025 actual (prior-year table)
2025-01,10,General Fund,Other Federal Sources,revenue,23772,data/raw/board_packets/2026-02-10_Board_of_Directors/attachments/K_02_01_FY26 Quarter 2 Financial Report (1).pdf,3,medium,FY2025 actual (prior-year table)
2025-02,10,General Fund,Other Federal Sources,revenue,507229,data/raw/board_packets/2026-02-10_Board_of_Directors/attachments/K_02_01_FY26 Quarter 2 Financial Report (1).pdf,3,medium,FY2025 actual (prior-year table)
2025-03,10,General Fund,Other Federal Sources,revenue,242260,data/raw/board_packets/2026-02-10_Board_of_Directors/attachments/K_02_01_FY26 Quarter 2 Financial Report (1).pdf,3,medium,FY2025 actual (prior-year table)
2025-04,10,General Fund,Other Federal Sources,revenue,407332,data/raw/board_packets/2026-02-10_Board_of_Directors/attachments/K_02_01_FY26 Quarter 2 Financial Report (1).pdf,3,medium,FY2025 actual (prior-year table)
2025-05,10,General Fund,Other Federal Sources,revenue,464214,data/raw/board_packets/2026-02-10_Board_of_Directors/attachments/K_02_01_FY26 Quarter 2 Financial Report (1).pdf,3,medium,FY2025 actual (prior-year table)
2025-06,10,General Fund,Other Federal Sources,revenue,1403993,data/raw/board_packets/2026-02-10_Board_of_Directors/attachments/K_02_01_FY26 Quarter 2 Financial Report (1).pdf,3,medium,FY2025 actual (prior-year table)
2024-07,10,General Fund,Other Sources,revenue,14530,data/raw/board_packets/2026-02-10_Board_of_Directors/attachments/K_02_01_FY26 Quarter 2 Financial Report (1).pdf,3,medium,FY2025 actual (prior-year table)
2024-08,10,General Fund,Other Sources,revenue,875,data/raw/board_packets/2026-02-10_Board_of_Directors/attachments/K_02_01_FY26 Quarter 2 Financial Report (1).pdf,3,medium,FY2025 actual (prior-year table)
2024-09,10,General Fund,Other Sources,revenue,9455,data/raw/board_packets/2026-02-10_Board_of_Directors/attachments/K_02_01_FY26 Quarter 2 Financial Report (1).pdf,3,medium,FY2025 actual (prior-year table)
2024-10,10,General Fund,Other Sources,revenue,895,data/raw/board_packets/2026-02-10_Board_of_Directors/attachments/K_02_01_FY26 Quarter 2 Financial Report (1).pdf,3,medium,FY2025 actual (prior-year table)
2024-11,10,General Fund,Other Sources,revenue,1177,data/raw/board_packets/2026-02-10_Board_of_Directors/attachments/K_02_01_FY26 Quarter 2 Financial Report (1).pdf,3,medium,FY2025 actual (prior-year table)
2024-12,10,General Fund,Other Sources,revenue,473,data/raw/board_packets/2026-02-10_Board_of_Directors/attachments/K_02_01_FY26 Quarter 2 Financial Report (1).pdf,3,medium,FY2025 actual (prior-year table)
2025-01,10,General Fund,Other Sources,revenue,511,data/raw/board_packets/2026-02-10_Board_of_Directors/attachments/K_02_01_FY26 Quarter 2 Financial Report (1).pdf,3,medium,FY2025 actual (prior-year table)
2025-02,10,General Fund,Other Sources,revenue,145,data/raw/board_packets/2026-02-10_Board_of_Directors/attachments/K_02_01_FY26 Quarter 2 Financial Report (1).pdf,3,medium,FY2025 actual (prior-year table)
2025-03,10,General Fund,Other Sources,revenue,0,data/raw/board_packets/2026-02-10_Board_of_Directors/attachments/K_02_01_FY26 Quarter 2 Financial Report (1).pdf,3,medium,FY2025 actual (prior-year table)
2025-04,10,General Fund,Other Sources,revenue,1489,data/raw/board_packets/2026-02-10_Board_of_Directors/attachments/K_02_01_FY26 Quarter 2 Financial Report (1).pdf,3,medium,FY2025 actual (prior-year table)
2025-05,10,General Fund,Other Sources,revenue,2608,data/raw/board_packets/2026-02-10_Board_of_Directors/attachments/K_02_01_FY26 Quarter 2 Financial Report (1).pdf,3,medium,FY2025 actual (prior-year table)
2025-06,10,General Fund,Other Sources,revenue,1177,data/raw/board_packets/2026-02-10_Board_of_Directors/attachments/K_02_01_FY26 Quarter 2 Financial Report (1).pdf,3,medium,FY2025 actual (prior-year table)
2024-07,10,General Fund,Instruction,expenditure,1208455,data/raw/board_packets/2026-02-10_Board_of_Directors/attachments/K_02_01_FY26 Quarter 2 Financial Report (1).pdf,3,medium,FY2025 actual (prior-year table)
2024-08,10,General Fund,Instruction,expenditure,2083053,data/raw/board_packets/2026-02-10_Board_of_Directors/attachments/K_02_01_FY26 Quarter 2 Financial Report (1).pdf,3,medium,FY2025 actual (prior-year table)
2024-09,10,General Fund,Instruction,expenditure,11221769,data/raw/board_packets/2026-02-10_Board_of_Directors/attachments/K_02_01_FY26 Quarter 2 Financial Report (1).pdf,3,medium,FY2025 actual (prior-year table)
2024-10,10,General Fund,Instruction,expenditure,11499053,data/raw/board_packets/2026-02-10_Board_of_Directors/attachments/K_02_01_FY26 Quarter 2 Financial Report (1).pdf,3,medium,FY2025 actual (prior-year table)
2024-11,10,General Fund,Instruction,expenditure,11937511,data/raw/board_packets/2026-02-10_Board_of_Directors/attachments/K_02_01_FY26 Quarter 2 Financial Report (1).pdf,3,medium,FY2025 actual (prior-year table)
2024-12,10,General Fund,Instruction,expenditure,11960372,data/raw/board_packets/2026-02-10_Board_of_Directors/attachments/K_02_01_FY26 Quarter 2 Financial Report (1).pdf,3,medium,FY2025 actual (prior-year table)
2025-01,10,General Fund,Instruction,expenditure,11729094,data/raw/board_packets/2026-02-10_Board_of_Directors/attachments/K_02_01_FY26 Quarter 2 Financial Report (1).pdf,3,medium,FY2025 actual (prior-year table)
2025-02,10,General Fund,Instruction,expenditure,12146156,data/raw/board_packets/2026-02-10_Board_of_Directors/attachments/K_02_01_FY26 Quarter 2 Financial Report (1).pdf,3,medium,FY2025 actual (prior-year table)
2025-03,10,General Fund,Instruction,expenditure,11645639,data/raw/board_packets/2026-02-10_Board_of_Directors/attachments/K_02_01_FY26 Quarter 2 Financial Report (1).pdf,3,medium,FY2025 actual (prior-year table)
2025-04,10,General Fund,Instruction,expenditure,11541098,data/raw/board_packets/2026-02-10_Board_of_Directors/attachments/K_02_01_FY26 Quarter 2 Financial Report (1).pdf,3,medium,FY2025 actual (prior-year table)
2025-05,10,General Fund,Instruction,expenditure,12256655,data/raw/board_packets/2026-02-10_Board_of_Directors/attachments/K_02_01_FY26 Quarter 2 Financial Report (1).pdf,3,medium,FY2025 actual (prior-year table)
2025-06,10,General Fund,Instruction,expenditure,28249149,data/raw/board_packets/2026-02-10_Board_of_Directors/attachments/K_02_01_FY26 Quarter 2 Financial Report (1).pdf,3,medium,FY2025 actual (prior-year table)
2024-07,10,General Fund,Student Support Services,expenditure,111823,data/raw/board_packets/2026-02-10_Board_of_Directors/attachments/K_02_01_FY26 Quarter 2 Financial Report (1).pdf,3,medium,FY2025 actual (prior-year table)
2024-08,10,General Fund,Student Support Services,expenditure,361118,data/raw/board_packets/2026-02-10_Board_of_Directors/attachments/K_02_01_FY26 Quarter 2 Financial Report (1).pdf,3,medium,FY2025 actual (prior-year table)
2024-09,10,General Fund,Student Support Services,expenditure,720426,data/raw/board_packets/2026-02-10_Board_of_Directors/attachments/K_02_01_FY26 Quarter 2 Financial Report (1).pdf,3,medium,FY2025 actual (prior-year table)
2024-10,10,General Fund,Student Support Services,expenditure,731230,data/raw/board_packets/2026-02-10_Board_of_Directors/attachments/K_02_01_FY26 Quarter 2 Financial Report (1).pdf,3,medium,FY2025 actual (prior-year table)
2024-11,10,General Fund,Student Support Services,expenditure,742456,data/raw/board_packets/2026-02-10_Board_of_Directors/attachments/K_02_01_FY26 Quarter 2 Financial Report (1).pdf,3,medium,FY2025 actual (prior-year table)
2024-12,10,General Fund,Student Support Services,expenditure,749959,data/raw/board_packets/2026-02-10_Board_of_Directors/attachments/K_02_01_FY26 Quarter 2 Financial Report (1).pdf,3,medium,FY2025 actual (prior-year table)
2025-01,10,General Fund,Student Support Services,expenditure,697588,data/raw/board_packets/2026-02-10_Board_of_Directors/attachments/K_02_01_FY26 Quarter 2 Financial Report (1).pdf,3,medium,FY2025 actual (prior-year table)
2025-02,10,General Fund,Student Support Services,expenditure,711262,data/raw/board_packets/2026-02-10_Board_of_Directors/attachments/K_02_01_FY26 Quarter 2 Financial Report (1).pdf,3,medium,FY2025 actual (prior-year table)
2025-03,10,General Fund,Student Support Services,expenditure,717342,data/raw/board_packets/2026-02-10_Board_of_Directors/attachments/K_02_01_FY26 Quarter 2 Financial Report (1).pdf,3,medium,FY2025 actual (prior-year table)
2025-04,10,General Fund,Student Support Services,expenditure,707911,data/raw/board_packets/2026-02-10_Board_of_Directors/attachments/K_02_01_FY26 Quarter 2 Financial Report (1).pdf,3,medium,FY2025 actual (prior-year table)
2025-05,10,General Fund,Student Support Services,expenditure,743264,data/raw/board_packets/2026-02-10_Board_of_Directors/attachments/K_02_01_FY26 Quarter 2 Financial Report (1).pdf,3,medium,FY2025 actual (prior-year table)
2025-06,10,General Fund,Student Support Services,expenditure,1568537,data/raw/board_packets/2026-02-10_Board_of_Directors/attachments/K_02_01_FY26 Quarter 2 Financial Report (1).pdf,3,medium,FY2025 actual (prior-year table)
2024-07,10,General Fund,Instructional Staff Support,expenditure,252731,data/raw/board_packets/2026-02-10_Board_of_Directors/attachments/K_02_01_FY26 Quarter 2 Financial Report (1).pdf,3,medium,FY2025 actual (prior-year table)
2024-08,10,General Fund,Instructional Staff Support,expenditure,647374,data/raw/board_packets/2026-02-10_Board_of_Directors/attachments/K_02_01_FY26 Quarter 2 Financial Report (1).pdf,3,medium,FY2025 actual (prior-year table)
2024-09,10,General Fund,Instructional Staff Support,expenditure,889029,data/raw/board_packets/2026-02-10_Board_of_Directors/attachments/K_02_01_FY26 Quarter 2 Financial Report (1).pdf,3,medium,FY2025 actual (prior-year table)
2024-10,10,General Fund,Instructional Staff Support,expenditure,2810792,data/raw/board_packets/2026-02-10_Board_of_Directors/attachments/K_02_01_FY26 Quarter 2 Financial Report (1).pdf,3,medium,FY2025 actual (prior-year table)
2024-11,10,General Fund,Instructional Staff Support,expenditure,853841,data/raw/board_packets/2026-02-10_Board_of_Directors/attachments/K_02_01_FY26 Quarter 2 Financial Report (1).pdf,3,medium,FY2025 actual (prior-year table)
2024-12,10,General Fund,Instructional Staff Support,expenditure,831584,data/raw/board_packets/2026-02-10_Board_of_Directors/attachments/K_02_01_FY26 Quarter 2 Financial Report (1).pdf,3,medium,FY2025 actual (prior-year table)
2025-01,10,General Fund,Instructional Staff Support,expenditure,812134,data/raw/board_packets/2026-02-10_Board_of_Directors/attachments/K_02_01_FY26 Quarter 2 Financial Report (1).pdf,3,medium,FY2025 actual (prior-year table)
2025-02,10,General Fund,Instructional Staff Support,expenditure,869446,data/raw/board_packets/2026-02-10_Board_of_Directors/attachments/K_02_01_FY26 Quarter 2 Financial Report (1).pdf,3,medium,FY2025 actual (prior-year table)
2025-03,10,General Fund,Instructional Staff Support,expenditure,816832,data/raw/board_packets/2026-02-10_Board_of_Directors/attachments/K_02_01_FY26 Quarter 2 Financial Report (1).pdf,3,medium,FY2025 actual (prior-year table)
2025-04,10,General Fund,Instructional Staff Support,expenditure,788909,data/raw/board_packets/2026-02-10_Board_of_Directors/attachments/K_02_01_FY26 Quarter 2 Financial Report (1).pdf,3,medium,FY2025 actual (prior-year table)
2025-05,10,General Fund,Instructional Staff Support,expenditure,863440,data/raw/board_packets/2026-02-10_Board_of_Directors/attachments/K_02_01_FY26 Quarter 2 Financial Report (1).pdf,3,medium,FY2025 actual (prior-year table)
2025-06,10,General Fund,Instructional Staff Support,expenditure,1739268,data/raw/board_packets/2026-02-10_Board_of_Directors/attachments/K_02_01_FY26 Quarter 2 Financial Report (1).pdf,3,medium,FY2025 actual (prior-year table)
2024-07,10,General Fund,General Administration,expenditure,262112,data/raw/board_packets/2026-02-10_Board_of_Directors/attachments/K_02_01_FY26 Quarter 2 Financial Report (1).pdf,3,medium,FY2025 actual (prior-year table)
2024-08,10,General Fund,General Administration,expenditure,262488,data/raw/board_packets/2026-02-10_Board_of_Directors/attachments/K_02_01_FY26 Quarter 2 Financial Report (1).pdf,3,medium,FY2025 actual (prior-year table)
2024-09,10,General Fund,General Administration,expenditure,223061,data/raw/board_packets/2026-02-10_Board_of_Directors/attachments/K_02_01_FY26 Quarter 2 Financial Report (1).pdf,3,medium,FY2025 actual (prior-year table)
2024-10,10,General Fund,General Administration,expenditure,252996,data/raw/board_packets/2026-02-10_Board_of_Directors/attachments/K_02_01_FY26 Quarter 2 Financial Report (1).pdf,3,medium,FY2025 actual (prior-year table)
2024-11,10,General Fund,General Administration,expenditure,255948,data/raw/board_packets/2026-02-10_Board_of_Directors/attachments/K_02_01_FY26 Quarter 2 Financial Report (1).pdf,3,medium,FY2025 actual (prior-year table)
2024-12,10,General Fund,General Administration,expenditure,243185,data/raw/board_packets/2026-02-10_Board_of_Directors/attachments/K_02_01_FY26 Quarter 2 Financial Report (1).pdf,3,medium,FY2025 actual (prior-year table)
2025-01,10,General Fund,General Administration,expenditure,262827,data/raw/board_packets/2026-02-10_Board_of_Directors/attachments/K_02_01_FY26 Quarter 2 Financial Report (1).pdf,3,medium,FY2025 actual (prior-year table)
2025-02,10,General Fund,General Administration,expenditure,254039,data/raw/board_packets/2026-02-10_Board_of_Directors/attachments/K_02_01_FY26 Quarter 2 Financial Report (1).pdf,3,medium,FY2025 actual (prior-year table)
2025-03,10,General Fund,General Administration,expenditure,264168,data/raw/board_packets/2026-02-10_Board_of_Directors/attachments/K_02_01_FY26 Quarter 2 Financial Report (1).pdf,3,medium,FY2025 actual (prior-year table)
2025-04,10,General Fund,General Administration,expenditure,222559,data/raw/board_packets/2026-02-10_Board_of_Directors/attachments/K_02_01_FY26 Quarter 2 Financial Report (1).pdf,3,medium,FY2025 actual (prior-year table)
2025-05,10,General Fund,General Administration,expenditure,258195,data/raw/board_packets/2026-02-10_Board_of_Directors/attachments/K_02_01_FY26 Quarter 2 Financial Report (1).pdf,3,medium,FY2025 actual (prior-year table)
2025-06,10,General Fund,General Administration,expenditure,322199,data/raw/board_packets/2026-02-10_Board_of_Directors/attachments/K_02_01_FY26 Quarter 2 Financial Report (1).pdf,3,medium,FY2025 actual (prior-year table)
2024-07,10,General Fund,Building Administration,expenditure,737130,data/raw/board_packets/2026-02-10_Board_of_Directors/attachments/K_02_01_FY26 Quarter 2 Financial Report (1).pdf,3,medium,FY2025 actual (prior-year table)
2024-08,10,General Fund,Building Administration,expenditure,946262,data/raw/board_packets/2026-02-10_Board_of_Directors/attachments/K_02_01_FY26 Quarter 2 Financial Report (1).pdf,3,medium,FY2025 actual (prior-year table)
2024-09,10,General Fund,Building Administration,expenditure,973289,data/raw/board_packets/2026-02-10_Board_of_Directors/attachments/K_02_01_FY26 Quarter 2 Financial Report (1).pdf,3,medium,FY2025 actual (prior-year table)
2024-10,10,General Fund,Building Administration,expenditure,712242,data/raw/board_packets/2026-02-10_Board_of_Directors/attachments/K_02_01_FY26 Quarter 2 Financial Report (1).pdf,3,medium,FY2025 actual (prior-year table)
2024-11,10,General Fund,Building Administration,expenditure,764235,data/raw/board_packets/2026-02-10_Board_of_Directors/attachments/K_02_01_FY26 Quarter 2 Financial Report (1).pdf,3,medium,FY2025 actual (prior-year table)
2024-12,10,General Fund,Building Administration,expenditure,744711,data/raw/board_packets/2026-02-10_Board_of_Directors/attachments/K_02_01_FY26 Quarter 2 Financial Report (1).pdf,3,medium,FY2025 actual (prior-year table)
2025-01,10,General Fund,Building Administration,expenditure,937032,data/raw/board_packets/2026-02-10_Board_of_Directors/attachments/K_02_01_FY26 Quarter 2 Financial Report (1).pdf,3,medium,FY2025 actual (prior-year table)
2025-02,10,General Fund,Building Administration,expenditure,1708379,data/raw/board_packets/2026-02-10_Board_of_Directors/attachments/K_02_01_FY26 Quarter 2 Financial Report (1).pdf,3,medium,FY2025 actual (prior-year table)
2025-03,10,General Fund,Building Administration,expenditure,965349,data/raw/board_packets/2026-02-10_Board_of_Directors/attachments/K_02_01_FY26 Quarter 2 Financial Report (1).pdf,3,medium,FY2025 actual (prior-year table)
2025-04,10,General Fund,Building Administration,expenditure,951878,data/raw/board_packets/2026-02-10_Board_of_Directors/attachments/K_02_01_FY26 Quarter 2 Financial Report (1).pdf,3,medium,FY2025 actual (prior-year table)
2025-05,10,General Fund,Building Administration,expenditure,996212,data/raw/board_packets/2026-02-10_Board_of_Directors/attachments/K_02_01_FY26 Quarter 2 Financial Report (1).pdf,3,medium,FY2025 actual (prior-year table)
2025-06,10,General Fund,Building Administration,expenditure,996153,data/raw/board_packets/2026-02-10_Board_of_Directors/attachments/K_02_01_FY26 Quarter 2 Financial Report (1).pdf,3,medium,FY2025 actual (prior-year table)
2024-07,10,General Fund,Business & Central Admin,expenditure,439994,data/raw/board_packets/2026-02-10_Board_of_Directors/attachments/K_02_01_FY26 Quarter 2 Financial Report (1).pdf,3,medium,FY2025 actual (prior-year table)
2024-08,10,General Fund,Business & Central Admin,expenditure,479348,data/raw/board_packets/2026-02-10_Board_of_Directors/attachments/K_02_01_FY26 Quarter 2 Financial Report (1).pdf,3,medium,FY2025 actual (prior-year table)
2024-09,10,General Fund,Business & Central Admin,expenditure,406523,data/raw/board_packets/2026-02-10_Board_of_Directors/attachments/K_02_01_FY26 Quarter 2 Financial Report (1).pdf,3,medium,FY2025 actual (prior-year table)
2024-10,10,General Fund,Business & Central Admin,expenditure,429920,data/raw/board_packets/2026-02-10_Board_of_Directors/attachments/K_02_01_FY26 Quarter 2 Financial Report (1).pdf,3,medium,FY2025 actual (prior-year table)
2024-11,10,General Fund,Business & Central Admin,expenditure,436704,data/raw/board_packets/2026-02-10_Board_of_Directors/attachments/K_02_01_FY26 Quarter 2 Financial Report (1).pdf,3,medium,FY2025 actual (prior-year table)
2024-12,10,General Fund,Business & Central Admin,expenditure,447189,data/raw/board_packets/2026-02-10_Board_of_Directors/attachments/K_02_01_FY26 Quarter 2 Financial Report (1).pdf,3,medium,FY2025 actual (prior-year table)
2025-01,10,General Fund,Business & Central Admin,expenditure,433780,data/raw/board_packets/2026-02-10_Board_of_Directors/attachments/K_02_01_FY26 Quarter 2 Financial Report (1).pdf,3,medium,FY2025 actual (prior-year table)
2025-02,10,General Fund,Business & Central Admin,expenditure,420043,data/raw/board_packets/2026-02-10_Board_of_Directors/attachments/K_02_01_FY26 Quarter 2 Financial Report (1).pdf,3,medium,FY2025 actual (prior-year table)
2025-03,10,General Fund,Business & Central Admin,expenditure,466453,data/raw/board_packets/2026-02-10_Board_of_Directors/attachments/K_02_01_FY26 Quarter 2 Financial Report (1).pdf,3,medium,FY2025 actual (prior-year table)
2025-04,10,General Fund,Business & Central Admin,expenditure,433524,data/raw/board_packets/2026-02-10_Board_of_Directors/attachments/K_02_01_FY26 Quarter 2 Financial Report (1).pdf,3,medium,FY2025 actual (prior-year table)
2025-05,10,General Fund,Business & Central Admin,expenditure,399387,data/raw/board_packets/2026-02-10_Board_of_Directors/attachments/K_02_01_FY26 Quarter 2 Financial Report (1).pdf,3,medium,FY2025 actual (prior-year table)
2025-06,10,General Fund,Business & Central Admin,expenditure,722041,data/raw/board_packets/2026-02-10_Board_of_Directors/attachments/K_02_01_FY26 Quarter 2 Financial Report (1).pdf,3,medium,FY2025 actual (prior-year table)
2024-07,10,General Fund,Plant Operation&Maintenance,expenditure,1501978,data/raw/board_packets/2026-02-10_Board_of_Directors/attachments/K_02_01_FY26 Quarter 2 Financial Report (1).pdf,3,medium,FY2025 actual (prior-year table)
2024-08,10,General Fund,Plant Operation&Maintenance,expenditure,1885959,data/raw/board_packets/2026-02-10_Board_of_Directors/attachments/K_02_01_FY26 Quarter 2 Financial Report (1).pdf,3,medium,FY2025 actual (prior-year table)
2024-09,10,General Fund,Plant Operation&Maintenance,expenditure,1735241,data/raw/board_packets/2026-02-10_Board_of_Directors/attachments/K_02_01_FY26 Quarter 2 Financial Report (1).pdf,3,medium,FY2025 actual (prior-year table)
2024-10,10,General Fund,Plant Operation&Maintenance,expenditure,1726407,data/raw/board_packets/2026-02-10_Board_of_Directors/attachments/K_02_01_FY26 Quarter 2 Financial Report (1).pdf,3,medium,FY2025 actual (prior-year table)
2024-11,10,General Fund,Plant Operation&Maintenance,expenditure,1525734,data/raw/board_packets/2026-02-10_Board_of_Directors/attachments/K_02_01_FY26 Quarter 2 Financial Report (1).pdf,3,medium,FY2025 actual (prior-year table)
2024-12,10,General Fund,Plant Operation&Maintenance,expenditure,1366541,data/raw/board_packets/2026-02-10_Board_of_Directors/attachments/K_02_01_FY26 Quarter 2 Financial Report (1).pdf,3,medium,FY2025 actual (prior-year table)
2025-01,10,General Fund,Plant Operation&Maintenance,expenditure,1702597,data/raw/board_packets/2026-02-10_Board_of_Directors/attachments/K_02_01_FY26 Quarter 2 Financial Report (1).pdf,3,medium,FY2025 actual (prior-year table)
2025-02,10,General Fund,Plant Operation&Maintenance,expenditure,1478832,data/raw/board_packets/2026-02-10_Board_of_Directors/attachments/K_02_01_FY26 Quarter 2 Financial Report (1).pdf,3,medium,FY2025 actual (prior-year table)
2025-03,10,General Fund,Plant Operation&Maintenance,expenditure,1393168,data/raw/board_packets/2026-02-10_Board_of_Directors/attachments/K_02_01_FY26 Quarter 2 Financial Report (1).pdf,3,medium,FY2025 actual (prior-year table)
2025-04,10,General Fund,Plant Operation&Maintenance,expenditure,1503175,data/raw/board_packets/2026-02-10_Board_of_Directors/attachments/K_02_01_FY26 Quarter 2 Financial Report (1).pdf,3,medium,FY2025 actual (prior-year table)
2025-05,10,General Fund,Plant Operation&Maintenance,expenditure,1403600,data/raw/board_packets/2026-02-10_Board_of_Directors/attachments/K_02_01_FY26 Quarter 2 Financial Report (1).pdf,3,medium,FY2025 actual (prior-year table)
2025-06,10,General Fund,Plant Operation&Maintenance,expenditure,1957060,data/raw/board_packets/2026-02-10_Board_of_Directors/attachments/K_02_01_FY26 Quarter 2 Financial Report (1).pdf,3,medium,FY2025 actual (prior-year table)
2024-07,10,General Fund,Student Transportation,expenditure,53860,data/raw/board_packets/2026-02-10_Board_of_Directors/attachments/K_02_01_FY26 Quarter 2 Financial Report (1).pdf,3,medium,FY2025 actual (prior-year table)
2024-08,10,General Fund,Student Transportation,expenditure,2044,data/raw/board_packets/2026-02-10_Board_of_Directors/attachments/K_02_01_FY26 Quarter 2 Financial Report (1).pdf,3,medium,FY2025 actual (prior-year table)
2024-09,10,General Fund,Student Transportation,expenditure,443134,data/raw/board_packets/2026-02-10_Board_of_Directors/attachments/K_02_01_FY26 Quarter 2 Financial Report (1).pdf,3,medium,FY2025 actual (prior-year table)
2024-10,10,General Fund,Student Transportation,expenditure,419785,data/raw/board_packets/2026-02-10_Board_of_Directors/attachments/K_02_01_FY26 Quarter 2 Financial Report (1).pdf,3,medium,FY2025 actual (prior-year table)
2024-11,10,General Fund,Student Transportation,expenditure,40892,data/raw/board_packets/2026-02-10_Board_of_Directors/attachments/K_02_01_FY26 Quarter 2 Financial Report (1).pdf,3,medium,FY2025 actual (prior-year table)
2024-12,10,General Fund,Student Transportation,expenditure,148454,data/raw/board_packets/2026-02-10_Board_of_Directors/attachments/K_02_01_FY26 Quarter 2 Financial Report (1).pdf,3,medium,FY2025 actual (prior-year table)
2025-01,10,General Fund,Student Transportation,expenditure,967593,data/raw/board_packets/2026-02-10_Board_of_Directors/attachments/K_02_01_FY26 Quarter 2 Financial Report (1).pdf,3,medium,FY2025 actual (prior-year table)
2025-02,10,General Fund,Student Transportation,expenditure,136139,data/raw/board_packets/2026-02-10_Board_of_Directors/attachments/K_02_01_FY26 Quarter 2 Financial Report (1).pdf,3,medium,FY2025 actual (prior-year table)
2025-03,10,General Fund,Student Transportation,expenditure,181033,data/raw/board_packets/2026-02-10_Board_of_Directors/attachments/K_02_01_FY26 Quarter 2 Financial Report (1).pdf,3,medium,FY2025 actual (prior-year table)
2025-04,10,General Fund,Student Transportation,expenditure,428690,data/raw/board_packets/2026-02-10_Board_of_Directors/attachments/K_02_01_FY26 Quarter 2 Financial Report (1).pdf,3,medium,FY2025 actual (prior-year table)
2025-05,10,General Fund,Student Transportation,expenditure,102155,data/raw/board_packets/2026-02-10_Board_of_Directors/attachments/K_02_01_FY26 Quarter 2 Financial Report (1).pdf,3,medium,FY2025 actual (prior-year table)
2025-06,10,General Fund,Student Transportation,expenditure,2574750,data/raw/board_packets/2026-02-10_Board_of_Directors/attachments/K_02_01_FY26 Quarter 2 Financial Report (1).pdf,3,medium,FY2025 actual (prior-year table)
2024-07,10,General Fund,Other Support Services(must be 0),expenditure,0,data/raw/board_packets/2026-02-10_Board_of_Directors/attachments/K_02_01_FY26 Quarter 2 Financial Report (1).pdf,3,medium,FY2025 actual (prior-year table)
2024-08,10,General Fund,Other Support Services(must be 0),expenditure,0,data/raw/board_packets/2026-02-10_Board_of_Directors/attachments/K_02_01_FY26 Quarter 2 Financial Report (1).pdf,3,medium,FY2025 actual (prior-year table)
2024-09,10,General Fund,Other Support Services(must be 0),expenditure,0,data/raw/board_packets/2026-02-10_Board_of_Directors/attachments/K_02_01_FY26 Quarter 2 Financial Report (1).pdf,3,medium,FY2025 actual (prior-year table)
2024-10,10,General Fund,Other Support Services(must be 0),expenditure,0,data/raw/board_packets/2026-02-10_Board_of_Directors/attachments/K_02_01_FY26 Quarter 2 Financial Report (1).pdf,3,medium,FY2025 actual (prior-year table)
2024-11,10,General Fund,Other Support Services(must be 0),expenditure,0,data/raw/board_packets/2026-02-10_Board_of_Directors/attachments/K_02_01_FY26 Quarter 2 Financial Report (1).pdf,3,medium,FY2025 actual (prior-year table)
2024-12,10,General Fund,Other Support Services(must be 0),expenditure,0,data/raw/board_packets/2026-02-10_Board_of_Directors/attachments/K_02_01_FY26 Quarter 2 Financial Report (1).pdf,3,medium,FY2025 actual (prior-year table)
2025-01,10,General Fund,Other Support Services(must be 0),expenditure,0,data/raw/board_packets/2026-02-10_Board_of_Directors/attachments/K_02_01_FY26 Quarter 2 Financial Report (1).pdf,3,medium,FY2025 actual (prior-year table)
2025-02,10,General Fund,Other Support Services(must be 0),expenditure,0,data/raw/board_packets/2026-02-10_Board_of_Directors/attachments/K_02_01_FY26 Quarter 2 Financial Report (1).pdf,3,medium,FY2025 actual (prior-year table)
2025-03,10,General Fund,Other Support Services(must be 0),expenditure,0,data/raw/board_packets/2026-02-10_Board_of_Directors/attachments/K_02_01_FY26 Quarter 2 Financial Report (1).pdf,3,medium,FY2025 actual (prior-year table)
2025-04,10,General Fund,Other Support Services(must be 0),expenditure,0,data/raw/board_packets/2026-02-10_Board_of_Directors/attachments/K_02_01_FY26 Quarter 2 Financial Report (1).pdf,3,medium,FY2025 actual (prior-year table)
2025-05,10,General Fund,Other Support Services(must be 0),expenditure,0,data/raw/board_packets/2026-02-10_Board_of_Directors/attachments/K_02_01_FY26 Quarter 2 Financial Report (1).pdf,3,medium,FY2025 actual (prior-year table)
2025-06,10,General Fund,Other Support Services(must be 0),expenditure,0,data/raw/board_packets/2026-02-10_Board_of_Directors/attachments/K_02_01_FY26 Quarter 2 Financial Report (1).pdf,3,medium,FY2025 actual (prior-year table)
2024-07,10,General Fund,Noninstructional Programs,expenditure,132,data/raw/board_packets/2026-02-10_Board_of_Directors/attachments/K_02_01_FY26 Quarter 2 Financial Report (1).pdf,3,medium,FY2025 actual (prior-year table)
2024-08,10,General Fund,Noninstructional Programs,expenditure,3664,data/raw/board_packets/2026-02-10_Board_of_Directors/attachments/K_02_01_FY26 Quarter 2 Financial Report (1).pdf,3,medium,FY2025 actual (prior-year table)
2024-09,10,General Fund,Noninstructional Programs,expenditure,5861,data/raw/board_packets/2026-02-10_Board_of_Directors/attachments/K_02_01_FY26 Quarter 2 Financial Report (1).pdf,3,medium,FY2025 actual (prior-year table)
2024-10,10,General Fund,Noninstructional Programs,expenditure,11192,data/raw/board_packets/2026-02-10_Board_of_Directors/attachments/K_02_01_FY26 Quarter 2 Financial Report (1).pdf,3,medium,FY2025 actual (prior-year table)
2024-11,10,General Fund,Noninstructional Programs,expenditure,13644,data/raw/board_packets/2026-02-10_Board_of_Directors/attachments/K_02_01_FY26 Quarter 2 Financial Report (1).pdf,3,medium,FY2025 actual (prior-year table)
2024-12,10,General Fund,Noninstructional Programs,expenditure,7141,data/raw/board_packets/2026-02-10_Board_of_Directors/attachments/K_02_01_FY26 Quarter 2 Financial Report (1).pdf,3,medium,FY2025 actual (prior-year table)
2025-01,10,General Fund,Noninstructional Programs,expenditure,4409,data/raw/board_packets/2026-02-10_Board_of_Directors/attachments/K_02_01_FY26 Quarter 2 Financial Report (1).pdf,3,medium,FY2025 actual (prior-year table)
2025-02,10,General Fund,Noninstructional Programs,expenditure,4326,data/raw/board_packets/2026-02-10_Board_of_Directors/attachments/K_02_01_FY26 Quarter 2 Financial Report (1).pdf,3,medium,FY2025 actual (prior-year table)
2025-03,10,General Fund,Noninstructional Programs,expenditure,3744,data/raw/board_packets/2026-02-10_Board_of_Directors/attachments/K_02_01_FY26 Quarter 2 Financial Report (1).pdf,3,medium,FY2025 actual (prior-year table)
2025-04,10,General Fund,Noninstructional Programs,expenditure,1060,data/raw/board_packets/2026-02-10_Board_of_Directors/attachments/K_02_01_FY26 Quarter 2 Financial Report (1).pdf,3,medium,FY2025 actual (prior-year table)
2025-05,10,General Fund,Noninstructional Programs,expenditure,695,data/raw/board_packets/2026-02-10_Board_of_Directors/attachments/K_02_01_FY26 Quarter 2 Financial Report (1).pdf,3,medium,FY2025 actual (prior-year table)
2025-06,10,General Fund,Noninstructional Programs,expenditure,0,data/raw/board_packets/2026-02-10_Board_of_Directors/attachments/K_02_01_FY26 Quarter 2 Financial Report (1).pdf,3,medium,FY2025 actual (prior-year table)
2024-07,10,General Fund,"Facility Acquistion,Constr.",expenditure,0,data/raw/board_packets/2026-02-10_Board_of_Directors/attachments/K_02_01_FY26 Quarter 2 Financial Report (1).pdf,3,medium,FY2025 actual (prior-year table)
2024-08,10,General Fund,"Facility Acquistion,Constr.",expenditure,0,data/raw/board_packets/2026-02-10_Board_of_Directors/attachments/K_02_01_FY26 Quarter 2 Financial Report (1).pdf,3,medium,FY2025 actual (prior-year table)
2024-09,10,General Fund,"Facility Acquistion,Constr.",expenditure,0,data/raw/board_packets/2026-02-10_Board_of_Directors/attachments/K_02_01_FY26 Quarter 2 Financial Report (1).pdf,3,medium,FY2025 actual (prior-year table)
2024-10,10,General Fund,"Facility Acquistion,Constr.",expenditure,0,data/raw/board_packets/2026-02-10_Board_of_Directors/attachments/K_02_01_FY26 Quarter 2 Financial Report (1).pdf,3,medium,FY2025 actual (prior-year table)
2024-11,10,General Fund,"Facility Acquistion,Constr.",expenditure,0,data/raw/board_packets/2026-02-10_Board_of_Directors/attachments/K_02_01_FY26 Quarter 2 Financial Report (1).pdf,3,medium,FY2025 actual (prior-year table)
2024-12,10,General Fund,"Facility Acquistion,Constr.",expenditure,0,data/raw/board_packets/2026-02-10_Board_of_Directors/attachments/K_02_01_FY26 Quarter 2 Financial Report (1).pdf,3,medium,FY2025 actual (prior-year table)
2025-01,10,General Fund,"Facility Acquistion,Constr.",expenditure,0,data/raw/board_packets/2026-02-10_Board_of_Directors/attachments/K_02_01_FY26 Quarter 2 Financial Report (1).pdf,3,medium,FY2025 actual (prior-year table)
2025-02,10,General Fund,"Facility Acquistion,Constr.",expenditure,0,data/raw/board_packets/2026-02-10_Board_of_Directors/attachments/K_02_01_FY26 Quarter 2 Financial Report (1).pdf,3,medium,FY2025 actual (prior-year table)
2025-03,10,General Fund,"Facility Acquistion,Constr.",expenditure,0,data/raw/board_packets/2026-02-10_Board_of_Directors/attachments/K_02_01_FY26 Quarter 2 Financial Report (1).pdf,3,medium,FY2025 actual (prior-year table)
2025-04,10,General Fund,"Facility Acquistion,Constr.",expenditure,0,data/raw/board_packets/2026-02-10_Board_of_Directors/attachments/K_02_01_FY26 Quarter 2 Financial Report (1).pdf,3,medium,FY2025 actual (prior-year table)
2025-05,10,General Fund,"Facility Acquistion,Constr.",expenditure,0,data/raw/board_packets/2026-02-10_Board_of_Directors/attachments/K_02_01_FY26 Quarter 2 Financial Report (1).pdf,3,medium,FY2025 actual (prior-year table)
2025-06,10,General Fund,"Facility Acquistion,Constr.",expenditure,0,data/raw/board_packets/2026-02-10_Board_of_Directors/attachments/K_02_01_FY26 Quarter 2 Financial Report (1).pdf,3,medium,FY2025 actual (prior-year table)
2024-07,10,General Fund,Debt Services,expenditure,0,data/raw/board_packets/2026-02-10_Board_of_Directors/attachments/K_02_01_FY26 Quarter 2 Financial Report (1).pdf,3,medium,FY2025 actual (prior-year table)
2024-08,10,General Fund,Debt Services,expenditure,0,data/raw/board_packets/2026-02-10_Board_of_Directors/attachments/K_02_01_FY26 Quarter 2 Financial Report (1).pdf,3,medium,FY2025 actual (prior-year table)
2024-09,10,General Fund,Debt Services,expenditure,0,data/raw/board_packets/2026-02-10_Board_of_Directors/attachments/K_02_01_FY26 Quarter 2 Financial Report (1).pdf,3,medium,FY2025 actual (prior-year table)
2024-10,10,General Fund,Debt Services,expenditure,0,data/raw/board_packets/2026-02-10_Board_of_Directors/attachments/K_02_01_FY26 Quarter 2 Financial Report (1).pdf,3,medium,FY2025 actual (prior-year table)
2024-11,10,General Fund,Debt Services,expenditure,0,data/raw/board_packets/2026-02-10_Board_of_Directors/attachments/K_02_01_FY26 Quarter 2 Financial Report (1).pdf,3,medium,FY2025 actual (prior-year table)
2024-12,10,General Fund,Debt Services,expenditure,0,data/raw/board_packets/2026-02-10_Board_of_Directors/attachments/K_02_01_FY26 Quarter 2 Financial Report (1).pdf,3,medium,FY2025 actual (prior-year table)
2025-01,10,General Fund,Debt Services,expenditure,0,data/raw/board_packets/2026-02-10_Board_of_Directors/attachments/K_02_01_FY26 Quarter 2 Financial Report (1).pdf,3,medium,FY2025 actual (prior-year table)
2025-02,10,General Fund,Debt Services,expenditure,0,data/raw/board_packets/2026-02-10_Board_of_Directors/attachments/K_02_01_FY26 Quarter 2 Financial Report (1).pdf,3,medium,FY2025 actual (prior-year table)
2025-03,10,General Fund,Debt Services,expenditure,0,data/raw/board_packets/2026-02-10_Board_of_Directors/attachments/K_02_01_FY26 Quarter 2 Financial Report (1).pdf,3,medium,FY2025 actual (prior-year table)
2025-04,10,General Fund,Debt Services,expenditure,0,data/raw/board_packets/2026-02-10_Board_of_Directors/attachments/K_02_01_FY26 Quarter 2 Financial Report (1).pdf,3,medium,FY2025 actual (prior-year table)
2025-05,10,General Fund,Debt Services,expenditure,0,data/raw/board_packets/2026-02-10_Board_of_Directors/attachments/K_02_01_FY26 Quarter 2 Financial Report (1).pdf,3,medium,FY2025 actual (prior-year table)
2025-06,10,General Fund,Debt Services,expenditure,0,data/raw/board_packets/2026-02-10_Board_of_Directors/attachments/K_02_01_FY26 Quarter 2 Financial Report (1).pdf,3,medium,FY2025 actual (prior-year table)
2024-07,10,General Fund,AEA Support,expenditure,489032,data/raw/board_packets/2026-02-10_Board_of_Directors/attachments/K_02_01_FY26 Quarter 2 Financial Report (1).pdf,3,medium,FY2025 actual (prior-year table)
2024-08,10,General Fund,AEA Support,expenditure,489032,data/raw/board_packets/2026-02-10_Board_of_Directors/attachments/K_02_01_FY26 Quarter 2 Financial Report (1).pdf,3,medium,FY2025 actual (prior-year table)
2024-09,10,General Fund,AEA Support,expenditure,489032,data/raw/board_packets/2026-02-10_Board_of_Directors/attachments/K_02_01_FY26 Quarter 2 Financial Report (1).pdf,3,medium,FY2025 actual (prior-year table)
2024-10,10,General Fund,AEA Support,expenditure,489032,data/raw/board_packets/2026-02-10_Board_of_Directors/attachments/K_02_01_FY26 Quarter 2 Financial Report (1).pdf,3,medium,FY2025 actual (prior-year table)
2024-11,10,General Fund,AEA Support,expenditure,489032,data/raw/board_packets/2026-02-10_Board_of_Directors/attachments/K_02_01_FY26 Quarter 2 Financial Report (1).pdf,3,medium,FY2025 actual (prior-year table)
2024-12,10,General Fund,AEA Support,expenditure,489032,data/raw/board_packets/2026-02-10_Board_of_Directors/attachments/K_02_01_FY26 Quarter 2 Financial Report (1).pdf,3,medium,FY2025 actual (prior-year table)
2025-01,10,General Fund,AEA Support,expenditure,489032,data/raw/board_packets/2026-02-10_Board_of_Directors/attachments/K_02_01_FY26 Quarter 2 Financial Report (1).pdf,3,medium,FY2025 actual (prior-year table)
2025-02,10,General Fund,AEA Support,expenditure,489032,data/raw/board_packets/2026-02-10_Board_of_Directors/attachments/K_02_01_FY26 Quarter 2 Financial Report (1).pdf,3,medium,FY2025 actual (prior-year table)
2025-03,10,General Fund,AEA Support,expenditure,489032,data/raw/board_packets/2026-02-10_Board_of_Directors/attachments/K_02_01_FY26 Quarter 2 Financial Report (1).pdf,3,medium,FY2025 actual (prior-year table)
2025-04,10,General Fund,AEA Support,expenditure,489032,data/raw/board_packets/2026-02-10_Board_of_Directors/attachments/K_02_01_FY26 Quarter 2 Financial Report (1).pdf,3,medium,FY2025 actual (prior-year table)
2025-05,10,General Fund,AEA Support,expenditure,489032,data/raw/board_packets/2026-02-10_Board_of_Directors/attachments/K_02_01_FY26 Quarter 2 Financial Report (1).pdf,3,medium,FY2025 actual (prior-year table)
2025-06,10,General Fund,AEA Support,expenditure,489032,data/raw/board_packets/2026-02-10_Board_of_Directors/attachments/K_02_01_FY26 Quarter 2 Financial Report (1).pdf,3,medium,FY2025 actual (prior-year table)
2024-07,10,General Fund,Transfers Out,expenditure,0,data/raw/board_packets/2026-02-10_Board_of_Directors/attachments/K_02_01_FY26 Quarter 2 Financial Report (1).pdf,3,medium,FY2025 actual (prior-year table)
2024-08,10,General Fund,Transfers Out,expenditure,0,data/raw/board_packets/2026-02-10_Board_of_Directors/attachments/K_02_01_FY26 Quarter 2 Financial Report (1).pdf,3,medium,FY2025 actual (prior-year table)
2024-09,10,General Fund,Transfers Out,expenditure,0,data/raw/board_packets/2026-02-10_Board_of_Directors/attachments/K_02_01_FY26 Quarter 2 Financial Report (1).pdf,3,medium,FY2025 actual (prior-year table)
2024-10,10,General Fund,Transfers Out,expenditure,0,data/raw/board_packets/2026-02-10_Board_of_Directors/attachments/K_02_01_FY26 Quarter 2 Financial Report (1).pdf,3,medium,FY2025 actual (prior-year table)
2024-11,10,General Fund,Transfers Out,expenditure,0,data/raw/board_packets/2026-02-10_Board_of_Directors/attachments/K_02_01_FY26 Quarter 2 Financial Report (1).pdf,3,medium,FY2025 actual (prior-year table)
2024-12,10,General Fund,Transfers Out,expenditure,0,data/raw/board_packets/2026-02-10_Board_of_Directors/attachments/K_02_01_FY26 Quarter 2 Financial Report (1).pdf,3,medium,FY2025 actual (prior-year table)
2025-01,10,General Fund,Transfers Out,expenditure,0,data/raw/board_packets/2026-02-10_Board_of_Directors/attachments/K_02_01_FY26 Quarter 2 Financial Report (1).pdf,3,medium,FY2025 actual (prior-year table)
2025-02,10,General Fund,Transfers Out,expenditure,0,data/raw/board_packets/2026-02-10_Board_of_Directors/attachments/K_02_01_FY26 Quarter 2 Financial Report (1).pdf,3,medium,FY2025 actual (prior-year table)
2025-03,10,General Fund,Transfers Out,expenditure,0,data/raw/board_packets/2026-02-10_Board_of_Directors/attachments/K_02_01_FY26 Quarter 2 Financial Report (1).pdf,3,medium,FY2025 actual (prior-year table)
2025-04,10,General Fund,Transfers Out,expenditure,0,data/raw/board_packets/2026-02-10_Board_of_Directors/attachments/K_02_01_FY26 Quarter 2 Financial Report (1).pdf,3,medium,FY2025 actual (prior-year table)
2025-05,10,General Fund,Transfers Out,expenditure,0,data/raw/board_packets/2026-02-10_Board_of_Directors/attachments/K_02_01_FY26 Quarter 2 Financial Report (1).pdf,3,medium,FY2025 actual (prior-year table)
2025-06,10,General Fund,Transfers Out,expenditure,0,data/raw/board_packets/2026-02-10_Board_of_Directors/attachments/K_02_01_FY26 Quarter 2 Financial Report (1).pdf,3,medium,FY2025 actual (prior-year table)
